activity_id,start_latitude,start_longitude,end_latitude,end_longitude,travel_purpose,start_time,end_time,duration_minutes,distance_miles
9.75806436971694e+18,42.360213,-71.085994,42.361889,-71.090546,EAT,2022-07-20 03:07:06,2022-07-20 03:07:06,0,0.0
1.3318999803716305e+19,42.360213,-71.085994,42.360623,-71.08743,EAT,2022-07-20 04:13:07,2022-07-20 04:13:07,0,0.0
8.740296420167126e+18,42.362666,-71.08399399999999,42.363218852024886,-71.0876848536742,EAT,2022-07-20 04:49:05,2022-07-20 04:49:05,0,0.0
1.4909928698762449e+19,42.363587,-71.083219,42.363053,-71.086022,EAT,2022-07-20 05:07:39,2022-07-20 05:09:27,1,0.093513934455286
1.4389459734717678e+19,42.362666,-71.08399399999999,42.360176467630076,-71.08576965108064,EAT,2022-07-20 05:14:00,2022-07-20 05:17:43,3,0.19274505512588105
1.7422084965812902e+19,42.362666,-71.08399399999999,42.363462,-71.08755,EAT,2022-07-20 05:22:06,2022-07-20 05:23:21,1,0.06538814063090499
4.192821014134778e+18,42.366056,-71.092182,42.362891999999995,-71.088942,EAT,2022-07-20 05:29:02,2022-07-20 05:29:35,0,0.224089954356582
7.1996081695126e+18,42.361649,-71.09047,42.360623,-71.08743,EAT,2022-07-20 05:30:57,2022-07-20 05:33:33,2,0.133294397868611
7.477352205053591e+18,42.364512,-71.082035,42.362934,-71.082109,EAT,2022-07-20 05:34:00,2022-07-20 05:35:36,1,0.08351107601413299
5.748778752380646e+18,42.361649,-71.09047,42.365952,-71.082562,EAT,2022-07-20 05:38:49,2022-07-20 05:51:53,13,0.6750628751222411
4.763108027205641e+18,42.361649,-71.09047,42.365952,-71.082562,EAT,2022-07-20 05:38:49,2022-07-20 05:50:32,11,0.6070729924606001
1.5801856645073727e+19,42.361649,-71.09047,42.36467240318265,-71.08384421052558,EAT,2022-07-20 05:38:49,2022-07-20 05:47:13,8,0.43536090816774303
1.403628797700102e+18,42.364512,-71.082035,42.366022824085505,-71.08192419192879,EAT,2022-07-20 05:41:21,2022-07-20 05:41:21,0,0.0004890776524650001
1.1584559154050982e+19,42.364512,-71.082035,42.3672754,-71.0861518,EAT,2022-07-20 05:51:07,2022-07-20 05:55:03,3,0.20404302234835606
1.2223521026611484e+18,42.364512,-71.082035,42.36804589132016,-71.07979655688196,EAT,2022-07-20 05:54:23,2022-07-20 05:56:17,1,0.09874088761444699
1.2398900283987825e+19,42.363587,-71.083219,42.364369,-71.081379,EAT,2022-07-20 05:54:41,2022-07-20 05:56:20,1,0.08581393987222999
7.539045840138231e+18,42.363039,-71.088413,42.363479999999996,-71.086999,EAT,2022-07-20 06:01:17,2022-07-20 06:01:28,0,0.009916819606463002
1.7818720634743183e+19,42.366118,-71.07826899999999,42.366022824085505,-71.08192419192879,EAT,2022-07-20 06:03:56,2022-07-20 06:05:58,2,0.105814111864294
9.10086733295604e+18,42.363027,-71.091578,42.363218852024886,-71.0876848536742,EAT,2022-07-20 06:07:26,2022-07-20 06:07:26,0,0.0
1.441444463846294e+19,42.363027,-71.091578,42.363218852024886,-71.0876848536742,EAT,2022-07-20 06:08:17,2022-07-20 06:10:16,1,0.103372615185666
1.7343738864349571e+19,42.36255,-71.085605,42.362702,-71.085364,EAT,2022-07-20 06:14:53,2022-07-20 06:20:26,5,0.28744726988913
4.170268212214625e+18,42.36255,-71.085605,42.366037,-71.093447,EAT,2022-07-20 06:19:19,2022-07-20 06:21:58,2,0.13724126048628502
7.314501579572722e+18,42.363323,-71.08247,42.366022824085505,-71.08192419192879,EAT,2022-07-20 06:25:12,2022-07-20 06:25:12,0,0.0004890776524650001
9.987276450964703e+18,42.364909999999995,-71.08259,42.36467240318265,-71.08384421052558,EAT,2022-07-20 06:28:34,2022-07-20 06:29:47,1,0.063804198312971
1.173945387821373e+19,42.362854,-71.087715,42.362934,-71.082109,EAT,2022-07-20 06:32:34,2022-07-20 06:34:22,1,0.6823709910699991
1.757655096549847e+19,42.361649,-71.09047,42.361889,-71.090546,EAT,2022-07-20 06:35:47,2022-07-20 06:41:04,5,0.268851850418355
5.634892652042799e+18,42.364909999999995,-71.08259,42.366419,-71.077299,EAT,2022-07-20 06:49:43,2022-07-20 06:51:09,1,0.074924623713541
1.29417942742031e+19,42.361649,-71.09047,42.361889,-71.090546,EAT,2022-07-20 06:50:06,2022-07-20 06:58:10,8,0.40222980283620297
3.162603587501745e+17,42.362854,-71.087715,42.363218852024886,-71.0876848536742,EAT,2022-07-20 06:57:03,2022-07-20 06:57:03,0,0.0
1.724863474383361e+19,42.365244,-71.08233299999999,42.36092,-71.083662,EAT,2022-07-20 07:02:52,2022-07-20 07:12:08,9,0.4767561684646141
9.718497569190724e+18,42.365244,-71.08233299999999,42.364369,-71.081379,EAT,2022-07-20 07:04:41,2022-07-20 07:05:39,0,0.050508882097348
1.497698062240311e+19,42.363147999999995,-71.093133,42.3639,-71.088132,EAT,2022-07-20 07:05:19,2022-07-20 07:06:33,1,0.064536485499103
9.815330817618096e+18,42.365244,-71.08233299999999,42.362636241361024,-71.08273466757198,EAT,2022-07-20 07:16:00,2022-07-20 07:25:36,9,0.4977051599192261
1.447449630776034e+19,42.361649,-71.09047,42.362934,-71.082109,EAT,2022-07-20 07:23:08,2022-07-20 07:25:07,1,0.6823797657061621
1.38823058284741e+19,42.361649,-71.09047,42.36092,-71.083662,EAT,2022-07-20 07:24:20,2022-07-20 07:28:56,4,0.233351288297668
1.41539858335455e+19,42.36335,-71.08775,42.36989214316922,-71.0861002254415,EAT,2022-07-20 07:26:49,2022-07-20 07:29:43,2,0.9960993522626572
1.738006553821424e+18,42.362790000000004,-71.085498,42.360623,-71.08743,EAT,2022-07-20 07:34:49,2022-07-20 07:39:00,4,0.21105219210138898
1.2726371529235497e+19,42.363027,-71.091578,42.363218852024886,-71.0876848536742,EAT,2022-07-20 07:35:00,2022-07-20 07:36:10,1,0.06050394513268401
1.7456839384374657e+19,42.362666,-71.08399399999999,42.36689440236739,-71.09432987215037,EAT,2022-07-20 07:41:07,2022-07-20 07:42:02,0,0.047652424849865996
6.410366452892268e+18,42.365551,-71.09015699999999,42.3639,-71.088132,EAT,2022-07-20 07:43:50,2022-07-20 07:44:36,0,0.23641333638769704
1.4006779238019582e+19,42.362666,-71.08399399999999,42.361889,-71.090546,EAT,2022-07-20 07:46:00,2022-07-20 07:49:06,3,0.16061060554988602
1.8019225936239389e+19,42.363058,-71.092456,42.361889,-71.090546,EAT,2022-07-20 08:00:06,2022-07-20 08:01:16,1,0.06076904518169
9.417719504984349e+18,42.364909999999995,-71.08259,42.362934,-71.082109,EAT,2022-07-20 08:01:58,2022-07-20 08:02:35,0,0.032735893627582
9.370841841810872e+17,42.362844,-71.087726,42.366372,-71.093115,EAT,2022-07-20 08:02:08,2022-07-20 08:03:30,1,0.0709456491947
1.1658566982641933e+18,42.364909999999995,-71.08259,42.36961182192845,-71.08408085157683,EAT,2022-07-20 08:02:11,2022-07-20 08:02:50,0,0.281167285667044
7.191398603951153e+18,42.363468,-71.088546,42.35731286087468,-71.09384525746042,EAT,2022-07-20 08:11:09,2022-07-20 08:17:47,6,0.9744680346827832
3.2663553540152566e+18,42.366056,-71.092182,42.366056,-71.092182,EAT,2022-07-20 08:11:22,2022-07-20 08:12:02,0,0.035117037592601
1.5210136138400854e+19,42.364909999999995,-71.08259,42.3662424124032,-71.07850063191331,EAT,2022-07-20 08:13:00,2022-07-20 08:13:50,0,0.043385850670379006
2.1164279781872346e+17,42.367616999999996,-71.081342,42.369351,-71.0804564,EAT,2022-07-20 08:14:09,2022-07-20 08:15:04,0,0.047616778932364
1.755837541641932e+19,42.364909999999995,-71.08259,42.364793,-71.08313100000001,EAT,2022-07-20 08:14:52,2022-07-20 08:15:38,0,0.040069200723944
1.4766095453000118e+19,42.364909999999995,-71.08259,42.365952,-71.082562,EAT,2022-07-20 08:15:30,2022-07-20 08:18:03,2,0.132803691989739
1.006451691010512e+19,42.363164000000005,-71.088442,42.361889,-71.090546,EAT,2022-07-20 08:15:30,2022-07-20 08:19:57,4,0.23109878524902705
9.608726624512152e+18,42.359176,-71.088217,42.35731286087468,-71.09384525746042,EAT,2022-07-20 08:18:54,2022-07-20 08:24:27,5,0.286183208036603
1.008920866363119e+19,42.362207,-71.087304,42.366022824085505,-71.08192419192879,EAT,2022-07-20 08:20:41,2022-07-20 08:29:26,8,0.453784745366372
1.647086286287797e+18,42.365551,-71.09015699999999,42.367304,-71.090128,EAT,2022-07-20 08:23:14,2022-07-20 08:28:54,5,0.29396087220303496
3.4168615482880353e+18,42.366428000000006,-71.094095,42.364305,-71.08403299999999,EAT,2022-07-20 08:26:02,2022-07-20 08:27:14,1,0.432337688570365
7.794217561213283e+18,42.359176,-71.088217,42.358764,-71.09635899999999,EAT,2022-07-20 08:28:56,2022-07-20 08:33:55,4,0.25328104282020003
7.294669805802077e+18,42.364909999999995,-71.08259,42.365003,-71.087029,EAT,2022-07-20 08:30:46,2022-07-20 08:32:44,1,0.5574291368335741
8.863476048001787e+18,42.366084,-71.090843,42.368193,-71.07773,EAT,2022-07-20 08:30:48,2022-07-20 08:32:55,2,1.008327750706754
9.816752893822271e+18,42.362207,-71.087304,42.361889,-71.090546,EAT,2022-07-20 08:32:26,2022-07-20 08:36:03,3,0.172325555944348
1.912796837523488e+18,42.366428000000006,-71.094095,42.363479999999996,-71.086999,EAT,2022-07-20 08:35:12,2022-07-20 08:40:29,5,0.273957387090754
4.957667208926959e+18,42.362844,-71.087726,42.363053,-71.086022,EAT,2022-07-20 08:39:03,2022-07-20 08:39:52,0,0.042956247184422994
1.9616202261670948e+18,42.363058,-71.092456,42.363462,-71.08755,EAT,2022-07-20 08:41:11,2022-07-20 08:42:26,1,0.06538814063090499
9.171835322501026e+18,42.366428000000006,-71.094095,42.36630987613094,-71.09385221003511,EAT,2022-07-20 08:47:04,2022-07-20 08:47:47,0,0.037776799826192
1.5453627378001076e+19,42.360684,-71.086093,42.360623,-71.08743,EAT,2022-07-20 08:51:00,2022-07-20 08:51:04,0,0.0034727088170070004
1.9084774242946775e+18,42.363027,-71.091578,42.362891999999995,-71.088942,EAT,2022-07-20 08:53:47,2022-07-20 08:54:39,0,0.319302499623335
1.5053478028886063e+19,42.364909999999995,-71.08259,42.365952,-71.082562,EAT,2022-07-20 08:55:56,2022-07-20 08:59:06,3,0.16400560289163202
9.70612955269032e+18,42.359113,-71.092946,42.358503000000006,-71.087787,EAT,2022-07-20 08:57:10,2022-07-20 08:58:08,0,0.5124464601538811
1.7279313183064115e+19,42.363468,-71.088546,42.362934,-71.082109,EAT,2022-07-20 09:00:03,2022-07-20 09:01:40,1,0.47938726896691597
8.64389381491404e+18,42.363147999999995,-71.093133,42.363218852024886,-71.0876848536742,EAT,2022-07-20 09:00:03,2022-07-20 09:00:03,0,0.0
4.956783155822324e+18,42.361649,-71.09047,42.362077,-71.08483299999999,EAT,2022-07-20 09:03:24,2022-07-20 09:07:52,4,0.231583376024065
4.697418267534105e+17,42.360684,-71.086093,42.360623,-71.08743,EAT,2022-07-20 09:06:27,2022-07-20 09:08:51,2,0.119202468211714
1.8179590691563264e+19,42.363147999999995,-71.093133,42.363462,-71.08755,EAT,2022-07-20 09:08:12,2022-07-20 09:11:37,3,0.17716143996470604
1.5823606581064965e+18,42.360213,-71.085994,42.360623,-71.08743,EAT,2022-07-20 09:08:54,2022-07-20 09:10:08,1,0.34154329940995604
4.023170565116776e+18,42.361649,-71.09047,42.36467240318265,-71.08384421052558,EAT,2022-07-20 09:20:33,2022-07-20 09:30:24,9,0.5107277966588091
6.06020222668577e+18,42.360684,-71.086093,42.360623,-71.08743,EAT,2022-07-20 09:21:00,2022-07-20 09:22:15,1,0.4148173720176321
1.3717421376233773e+19,42.363039,-71.088413,42.362787,-71.083525,EAT,2022-07-20 09:23:01,2022-07-20 09:23:34,0,0.029210663380766007
1.305192089440808e+19,42.36853,-71.079323,42.3662424124032,-71.07850063191331,EAT,2022-07-20 09:25:40,2022-07-20 09:26:27,0,0.34499157167847905
6.639271282216088e+18,42.365551,-71.09015699999999,42.363053,-71.086022,EAT,2022-07-20 09:32:38,2022-07-20 09:44:51,12,0.6331716420046201
2.7555522002880983e+18,42.368071,-71.093378,42.363053,-71.086022,EAT,2022-07-20 09:32:38,2022-07-20 09:35:25,2,0.9886852635402432
4.123039961681428e+18,42.365244,-71.08233299999999,42.364159,-71.078781,EAT,2022-07-20 09:37:24,2022-07-20 09:41:30,4,0.21268307902938105
1.8064330308747678e+19,42.365879,-71.082512,42.362077,-71.08483299999999,EAT,2022-07-20 09:40:25,2022-07-20 09:44:34,4,1.894127521427809
1.1242188095615506e+19,42.365031,-71.092656,42.363218852024886,-71.0876848536742,EAT,2022-07-20 09:42:02,2022-07-20 09:42:02,0,0.0
8.971627161131933e+18,42.362666,-71.08399399999999,42.363218852024886,-71.0876848536742,EAT,2022-07-20 09:42:02,2022-07-20 09:47:03,5,0.259860001521916
7.577217997414978e+18,42.363027,-71.091578,42.363218852024886,-71.0876848536742,EAT,2022-07-20 09:42:02,2022-07-20 09:42:02,0,0.0
2.0445349392472689e+18,42.363039,-71.088413,42.36467240318265,-71.08384421052558,EAT,2022-07-20 09:42:02,2022-07-20 09:43:20,1,0.40681101885649606
1.493329194512581e+19,42.363027,-71.091578,42.362934,-71.082109,EAT,2022-07-20 09:42:02,2022-07-20 09:43:41,1,0.5416389851230731
5.277487940949708e+18,42.363147999999995,-71.093133,42.363479999999996,-71.086999,EAT,2022-07-20 09:42:23,2022-07-20 09:43:37,1,0.06439066347691699
1.4412059064325155e+19,42.36853,-71.079323,42.36467240318265,-71.08384421052558,EAT,2022-07-20 09:42:38,2022-07-20 09:43:05,0,0.16694816591983302
5.232543261015543e+18,42.36853,-71.079323,42.3628,-71.08661500000001,EAT,2022-07-20 09:48:30,2022-07-20 09:50:25,1,0.515158683282382
4.044165124147459e+18,42.364393,-71.08209699999999,42.366022824085505,-71.08192419192879,EAT,2022-07-20 09:48:39,2022-07-20 09:52:48,4,0.21570738907396905
1.406380507381281e+19,42.363468,-71.088546,42.366037,-71.093447,EAT,2022-07-20 09:48:52,2022-07-20 09:51:19,2,0.127603686891467
1.5430488590717043e+19,42.364393,-71.08209699999999,42.362934,-71.082109,EAT,2022-07-20 09:50:16,2022-07-20 09:51:20,1,0.44085141668956196
5.714136221411064e+18,42.363147999999995,-71.093133,42.365833,-71.081106,EAT,2022-07-20 09:53:08,2022-07-20 09:54:27,1,0.5816207601535079
1.251028637511974e+19,42.368071,-71.093378,42.366277000000004,-71.09169,EAT,2022-07-20 09:54:36,2022-07-20 09:56:09,1,0.08100117271671099
8.865276947343459e+18,42.363164000000005,-71.088442,42.366428000000006,-71.094095,EAT,2022-07-20 10:19:12,2022-07-20 10:20:19,1,0.058667307888661015
1.600324606416673e+18,42.366428000000006,-71.094095,42.362077,-71.08483299999999,EAT,2022-07-20 10:20:00,2022-07-20 10:21:44,1,0.090310121569233
1.536767563730633e+18,42.366428000000006,-71.094095,42.36607264832689,-71.09425198611959,EAT,2022-07-20 10:38:19,2022-07-20 10:42:03,3,0.19336991956553398
8.382530667264905e+18,42.361649,-71.09047,42.360176467630076,-71.08576965108064,EAT,2022-07-20 10:40:45,2022-07-20 10:46:22,5,0.29167250550905205
5.805013918233828e+16,42.363164000000005,-71.088442,42.368105300969034,-71.08368005309656,EAT,2022-07-20 10:47:50,2022-07-20 10:49:57,2,0.7162215404772071
6.691775313094288e+18,42.363101,-71.08785400000001,42.365903,-71.080833,EAT,2022-07-20 10:49:55,2022-07-20 10:53:26,3,1.048305514602669
1.2682154034676883e+19,42.361649,-71.09047,42.359190999999996,-71.093366,EAT,2022-07-20 10:52:05,2022-07-20 10:52:05,0,0.0
5.905223324622174e+18,42.359176,-71.088217,42.362636241361024,-71.08273466757198,EAT,2022-07-20 10:52:32,2022-07-20 11:00:59,8,0.43817617116253504
2.823116466902217e+17,42.361649,-71.09047,42.360176467630076,-71.08576965108064,EAT,2022-07-20 10:52:32,2022-07-20 10:59:43,7,0.3675644999607571
1.6555260296920564e+19,42.363323,-71.08247,42.366125,-71.081942,EAT,2022-07-20 10:53:09,2022-07-20 10:54:17,1,0.05884917794575301
9.838154331113554e+16,42.363323,-71.08247,42.362934,-71.082109,EAT,2022-07-20 10:55:08,2022-07-20 10:56:18,1,0.06063742461018301
3.011460401890412e+17,42.363164000000005,-71.088442,42.361889,-71.090546,EAT,2022-07-20 10:56:38,2022-07-20 10:56:38,0,0.0
1.3549154726816154e+18,42.363164000000005,-71.088442,42.364121000000004,-71.084867,EAT,2022-07-20 10:56:53,2022-07-20 11:04:23,7,0.38868142823674107
9.772160862499123e+18,42.36255,-71.085605,42.362934,-71.082109,EAT,2022-07-20 10:58:13,2022-07-20 11:00:33,2,0.6823709910699991
8.917734592381549e+18,42.361317,-71.085981,42.359190999999996,-71.093366,EAT,2022-07-20 11:00:00,2022-07-20 11:00:00,0,0.0
1.396863849515925e+19,42.362666,-71.08399399999999,42.363218852024886,-71.0876848536742,EAT,2022-07-20 11:00:02,2022-07-20 11:01:35,1,0.08079226674336401
1.417123290815197e+19,42.362666,-71.08399399999999,42.363218852024886,-71.0876848536742,EAT,2022-07-20 11:01:35,2022-07-20 11:01:35,0,0.0
9.981740374276866e+18,42.361649,-71.09047,42.361889,-71.090546,EAT,2022-07-20 11:02:35,2022-07-20 11:02:35,0,0.0
7.383339322572162e+18,42.362666,-71.08399399999999,42.3650471063704,-71.09269561781029,EAT,2022-07-20 11:03:14,2022-07-20 11:03:39,0,0.02235529819191
1.3397958998147203e+19,42.365551,-71.09015699999999,42.366153000000004,-71.092508,EAT,2022-07-20 11:04:43,2022-07-20 11:06:12,1,0.07697767831350799
1.6965474320904495e+19,42.362666,-71.08399399999999,42.3643,-71.079199,EAT,2022-07-20 11:05:17,2022-07-20 11:08:49,3,0.18298919261722896
1.205081831224651e+19,42.363147999999995,-71.093133,42.36864,-71.090018,EAT,2022-07-20 11:05:28,2022-07-20 11:07:12,1,0.37087247226903103
5.964450612975324e+18,42.36255,-71.085605,42.364891,-71.088978,EAT,2022-07-20 11:06:14,2022-07-20 11:06:14,0,0.0
1.3093980311624206e+19,42.359176,-71.088217,42.360623,-71.08743,EAT,2022-07-20 11:07:46,2022-07-20 11:10:18,2,0.126383863618652
8.578231093471408e+18,42.361649,-71.09047,42.362686,-71.085348,EAT,2022-07-20 11:08:40,2022-07-20 11:09:49,1,0.36157329263620797
8.119004876828902e+18,42.363147999999995,-71.093133,42.363218852024886,-71.0876848536742,EAT,2022-07-20 11:12:47,2022-07-20 11:15:01,2,0.44063871275059
3.4361605214838195e+18,42.363147999999995,-71.093133,42.364891,-71.088978,EAT,2022-07-20 11:12:53,2022-07-20 11:13:29,0,0.031612249625
1.5086624353076806e+19,42.363147999999995,-71.093133,42.363462,-71.08755,EAT,2022-07-20 11:15:01,2022-07-20 11:17:06,2,0.108456438713035
3.809499789450367e+18,42.36255,-71.085605,42.363218852024886,-71.0876848536742,EAT,2022-07-20 11:15:31,2022-07-20 11:20:48,5,0.273957387090754
2.414243571626419e+18,42.363058,-71.092456,42.36467240318265,-71.08384421052558,EAT,2022-07-20 11:16:20,2022-07-20 11:18:21,2,0.6070756602523161
1.2356710186954398e+19,42.367536,-71.080956,42.366022824085505,-71.08192419192879,EAT,2022-07-20 11:17:57,2022-07-20 11:17:57,0,0.0004890776524650001
8.757589417405795e+17,42.361317,-71.085981,42.362696,-71.08536600000001,EAT,2022-07-20 11:20:00,2022-07-20 11:22:16,2,0.11781162928488
4.334770694266795e+17,42.366363,-71.07819,42.365903,-71.080833,EAT,2022-07-20 11:22:51,2022-07-20 11:25:23,2,0.13181431202000002
1.2974856408775735e+19,42.363372999999996,-71.081453,42.364441,-71.079598,EAT,2022-07-20 11:23:13,2022-07-20 11:25:47,2,0.133511363351314
1.411024373809869e+18,42.363039,-71.088413,42.363218852024886,-71.0876848536742,EAT,2022-07-20 11:24:11,2022-07-20 11:25:18,1,0.05822112535373501
2.5682266935932856e+18,42.363147999999995,-71.093133,42.363218852024886,-71.0876848536742,EAT,2022-07-20 11:24:28,2022-07-20 11:27:35,3,0.161476635071191
1.6864182161713424e+19,42.362666,-71.08399399999999,42.361889,-71.090546,EAT,2022-07-20 11:27:00,2022-07-20 11:27:20,0,0.017756584912233
1.5366494741300326e+19,42.36255,-71.085605,42.364891,-71.088978,EAT,2022-07-20 11:27:23,2022-07-20 11:28:30,1,0.058068880798728
1.651417583098547e+19,42.362666,-71.08399399999999,42.362077,-71.08483299999999,EAT,2022-07-20 11:28:39,2022-07-20 11:30:23,1,0.090310121569233
1.778829496607854e+19,42.363039,-71.088413,42.3650769,-71.07844279999999,EAT,2022-07-20 11:28:55,2022-07-20 11:32:06,3,1.0526225669121279
6.044187868968288e+18,42.363147999999995,-71.093133,42.362897,-71.083786,EAT,2022-07-20 11:30:10,2022-07-20 11:40:41,10,0.545097858672658
9.813192678430144e+17,42.365551,-71.09015699999999,42.365579,-71.09008,EAT,2022-07-20 11:31:55,2022-07-20 11:31:55,0,0.0
1.0482622378604868e+19,42.363147999999995,-71.093133,42.363218852024886,-71.0876848536742,EAT,2022-07-20 11:36:35,2022-07-20 11:38:34,1,0.103372615185666
2.617959868705072e+18,42.361649,-71.09047,42.360623,-71.08743,EAT,2022-07-20 11:40:02,2022-07-20 11:44:26,4,0.22834816076878706
8.236802046305271e+18,42.365551,-71.09015699999999,42.365579,-71.09008,EAT,2022-07-20 11:41:19,2022-07-20 11:41:19,0,0.0
1.0540980460935123e+19,42.363372999999996,-71.081453,42.3643,-71.079199,EAT,2022-07-20 11:41:35,2022-07-20 11:42:58,1,0.40085801082091504
7.001358405273891e+18,42.365551,-71.09015699999999,42.367304,-71.090128,EAT,2022-07-20 11:41:43,2022-07-20 11:47:19,5,0.29023164822143005
7.305333956781192e+18,42.363027,-71.091578,42.36733922375996,-71.09181663009966,EAT,2022-07-20 11:41:45,2022-07-20 11:45:47,4,0.20963144113559498
3.782180306850944e+17,42.365551,-71.09015699999999,42.365691,-71.092708,EAT,2022-07-20 11:43:01,2022-07-20 11:44:29,1,0.07613853990247099
9.441731497792311e+18,42.363027,-71.091578,42.360623,-71.08743,EAT,2022-07-20 11:43:05,2022-07-20 11:45:08,2,0.10656958282401402
4.863546368710965e+18,42.363039,-71.088413,42.366118,-71.07826899999999,EAT,2022-07-20 11:43:29,2022-07-20 11:46:42,3,1.1281068186568568
6.85922819786503e+18,42.362666,-71.08399399999999,42.3628,-71.08661500000001,EAT,2022-07-20 11:44:06,2022-07-20 11:45:24,1,0.06807396798279701
1.5463704549174458e+19,42.36853,-71.079323,42.3628,-71.08661500000001,EAT,2022-07-20 11:45:08,2022-07-20 11:46:54,1,0.4886207113786431
1.1622492703425726e+19,42.359113,-71.092946,42.36092,-71.083662,EAT,2022-07-20 11:46:03,2022-07-20 11:52:50,6,0.34969068180253104
1.5624341476947102e+19,42.363147999999995,-71.093133,42.362934,-71.082109,EAT,2022-07-20 11:47:29,2022-07-20 11:49:47,2,0.11947737926731003
1.1829824990501544e+19,42.363058,-71.092456,42.361342,-71.08126700000001,EAT,2022-07-20 11:48:17,2022-07-20 11:54:09,5,0.30424753560954504
1.1622446147957926e+19,42.36255,-71.085605,42.362077,-71.08483299999999,EAT,2022-07-20 11:48:20,2022-07-20 11:50:04,1,0.090310121569233
1.4535677054484818e+18,42.36853,-71.079323,42.3662424124032,-71.07850063191331,EAT,2022-07-20 11:50:15,2022-07-20 11:51:07,0,0.30494015774655303
5.071819147441317e+18,42.366363,-71.07819,42.3662424124032,-71.07850063191331,EAT,2022-07-20 11:50:15,2022-07-20 11:50:30,0,0.013100037251831002
6.379846664625369e+18,42.363027,-71.091578,42.361889,-71.090546,EAT,2022-07-20 11:51:46,2022-07-20 11:52:56,1,0.06076904518169
1.588556966428845e+19,42.362666,-71.08399399999999,42.3628,-71.08661500000001,EAT,2022-07-20 11:52:21,2022-07-20 11:54:21,2,0.103734226608952
4.71725252873526e+18,42.36255,-71.085605,42.366408126181994,-71.09548466720597,EAT,2022-07-20 11:52:37,2022-07-20 11:52:48,0,0.010325869976076
1.64329845879052e+19,42.363058,-71.092456,42.363462,-71.08755,EAT,2022-07-20 11:52:56,2022-07-20 11:53:16,0,0.017277846406696003
8.385483173759285e+18,42.361649,-71.09047,42.363462,-71.08755,EAT,2022-07-20 11:53:46,2022-07-20 11:56:49,3,0.7226787109374531
1.8412901193354183e+19,42.363058,-71.092456,42.36467240318265,-71.08384421052558,EAT,2022-07-20 11:55:12,2022-07-20 12:10:06,14,0.772336955286899
3.1986658108305536e+18,42.362666,-71.08399399999999,42.362934,-71.082109,EAT,2022-07-20 11:55:12,2022-07-20 11:56:54,1,0.5416389851230731
1.647328241210724e+19,42.363058,-71.092456,42.362934,-71.082109,EAT,2022-07-20 11:55:12,2022-07-20 11:57:13,2,0.69102585757178
1.0245348711797983e+19,42.363039,-71.088413,42.363218852024886,-71.0876848536742,EAT,2022-07-20 11:55:12,2022-07-20 11:57:23,2,0.11328943479213
2.6604778337199104e+18,42.359113,-71.092946,42.360176467630076,-71.08576965108064,EAT,2022-07-20 11:58:04,2022-07-20 12:05:30,7,0.383085880389721
1.2800719431607747e+19,42.362666,-71.08399399999999,42.3638336,-71.0921638,EAT,2022-07-20 11:58:11,2022-07-20 12:00:54,2,0.14085069427779598
6.024218969422922e+18,42.363468,-71.088546,42.362696,-71.08536600000001,EAT,2022-07-20 12:00:00,2022-07-20 12:02:21,2,0.122383747184989
6.458859334225286e+18,42.364393,-71.08209699999999,42.368864673913244,-71.08219817971738,EAT,2022-07-20 12:01:04,2022-07-20 12:02:41,1,0.4203399159602661
3.0614126557160934e+18,42.359176,-71.088217,42.363218852024886,-71.0876848536742,EAT,2022-07-20 12:03:31,2022-07-20 12:06:00,2,0.12892653350067002
7.216678517078504e+18,42.363101,-71.08785400000001,42.366372,-71.093115,EAT,2022-07-20 12:03:39,2022-07-20 12:04:22,0,0.037725526624493994
1.2485708005036943e+19,42.363027,-71.091578,42.366428000000006,-71.094095,EAT,2022-07-20 12:05:46,2022-07-20 12:07:17,1,0.078965591453654
1.6489318614013587e+19,42.364393,-71.08209699999999,42.364441,-71.079598,EAT,2022-07-20 12:06:30,2022-07-20 12:09:00,2,0.12962071273561698
6.181909935299868e+18,42.363468,-71.088546,42.362077,-71.08483299999999,EAT,2022-07-20 12:06:40,2022-07-20 12:11:18,4,1.655128330845051
8.434405414261583e+18,42.361649,-71.09047,42.365747999999996,-71.086574,EAT,2022-07-20 12:08:26,2022-07-20 12:10:56,2,0.6233286571156539
1.656388810943089e+19,42.365551,-71.09015699999999,42.363218852024886,-71.0876848536742,EAT,2022-07-20 12:09:42,2022-07-20 12:15:03,5,0.27775522787973494
9.064229535550521e+18,42.363147999999995,-71.093133,42.3650471063704,-71.09269561781029,EAT,2022-07-20 12:10:09,2022-07-20 12:10:34,0,0.02235529819191
9.615216114422583e+18,42.36255,-71.085605,42.363218852024886,-71.0876848536742,EAT,2022-07-20 12:10:11,2022-07-20 12:10:11,0,0.0
2.312172573298657e+18,42.359113,-71.092946,42.360623,-71.08743,EAT,2022-07-20 12:11:29,2022-07-20 12:11:29,0,0.0
1.7548962480856697e+19,42.36255,-71.085605,42.366153000000004,-71.092508,EAT,2022-07-20 12:13:04,2022-07-20 12:13:54,0,0.043971122894067995
1.1263212654843552e+19,42.363323,-71.08247,42.365952,-71.082562,EAT,2022-07-20 12:13:07,2022-07-20 12:14:34,1,0.07531158227589799
9.66487945478358e+18,42.364512,-71.082035,42.364391,-71.08345600000001,EAT,2022-07-20 12:13:49,2022-07-20 12:16:06,2,0.119074694944855
1.3956844528270127e+19,42.361649,-71.09047,42.360184999999994,-71.094321,EAT,2022-07-20 12:18:02,2022-07-20 12:20:30,2,0.12310074593777699
3.0039035195579694e+18,42.363147999999995,-71.093133,42.362787,-71.083525,EAT,2022-07-20 12:18:49,2022-07-20 12:20:30,1,0.5563839495872579
6.858229503249551e+18,42.362666,-71.08399399999999,42.363479999999996,-71.086999,EAT,2022-07-20 12:20:02,2022-07-20 12:20:17,0,0.013260190531781
9.293756352985004e+18,42.363147999999995,-71.093133,42.362934,-71.082109,EAT,2022-07-20 12:20:22,2022-07-20 12:23:13,2,0.14812295730473002
5.466658838761398e+18,42.359176,-71.088217,42.360623,-71.08743,EAT,2022-07-20 12:21:55,2022-07-20 12:21:55,0,0.0
5.010114607438463e+18,42.365551,-71.09015699999999,42.366056,-71.092182,EAT,2022-07-20 12:22:00,2022-07-20 12:23:49,1,0.094150340518176
1.546086942928392e+19,42.361649,-71.09047,42.362696,-71.08536600000001,EAT,2022-07-20 12:22:50,2022-07-20 12:23:50,1,0.29434392424570005
1.1979832760563247e+19,42.364512,-71.082035,42.36853167793919,-71.07930713750443,EAT,2022-07-20 12:23:22,2022-07-20 12:23:22,0,0.0004912993663509999
1.22155879941073e+19,42.36255,-71.085605,42.364955,-71.088802,EAT,2022-07-20 12:23:42,2022-07-20 12:26:29,2,0.14466227375871202
4.851810823758952e+17,42.359113,-71.092946,42.362891999999995,-71.088942,EAT,2022-07-20 12:24:08,2022-07-20 12:31:11,7,0.3656634559409181
1.8329382805964483e+19,42.364393,-71.08209699999999,42.362934,-71.082109,EAT,2022-07-20 12:25:59,2022-07-20 12:27:10,1,0.061710466530043015
9.240143277669782e+17,42.366646,-71.086437,42.365952,-71.082562,EAT,2022-07-20 12:25:59,2022-07-20 12:29:49,3,0.199199719577898
1.5808138987827042e+19,42.364512,-71.082035,42.3643,-71.079199,EAT,2022-07-20 12:29:02,2022-07-20 12:30:00,0,0.050606794327539006
1.6202947970129822e+19,42.36255,-71.085605,42.361889,-71.090546,EAT,2022-07-20 12:29:06,2022-07-20 12:29:06,0,0.0
6.093378759127629e+18,42.363058,-71.092456,42.3639,-71.088132,EAT,2022-07-20 12:29:29,2022-07-20 12:36:19,6,0.3539255313019871
1.776207134165999e+19,42.364393,-71.08209699999999,42.36969070223093,-71.0848750378139,EAT,2022-07-20 12:30:22,2022-07-20 12:32:25,2,0.607881702040708
1.1426632678669488e+19,42.364393,-71.08209699999999,42.36989675251436,-71.08637133293111,EAT,2022-07-20 12:30:22,2022-07-20 12:32:36,2,0.7033750270119591
1.3925896423971283e+19,42.363323,-71.08247,42.366428000000006,-71.094095,EAT,2022-07-20 12:31:09,2022-07-20 12:35:30,4,0.936442385570707
1.0222909880704178e+19,42.361649,-71.09047,42.3622,-71.0814,EAT,2022-07-20 12:32:35,2022-07-20 12:34:41,2,0.6369621079229051
4.32719399810827e+18,42.359113,-71.092946,42.3622,-71.0814,EAT,2022-07-20 12:32:35,2022-07-20 12:35:03,2,0.670930522379606
2.718260893131968e+18,42.359176,-71.088217,42.362077,-71.08483299999999,EAT,2022-07-20 12:32:35,2022-07-20 12:36:03,3,1.060615007728886
1.6637223136956461e+19,42.361649,-71.09047,42.362934,-71.082109,EAT,2022-07-20 12:32:35,2022-07-20 12:34:08,1,0.492471435166109
9.23279878600096e+18,42.363323,-71.08247,42.36467240318265,-71.08384421052558,EAT,2022-07-20 12:32:48,2022-07-20 12:36:16,3,0.17961208031053802
6.761121763507827e+17,42.363101,-71.08785400000001,42.362891999999995,-71.088942,EAT,2022-07-20 12:34:31,2022-07-20 12:36:14,1,0.40446953604898506
2.673978442024191e+18,42.363147999999995,-71.093133,42.361889,-71.090546,EAT,2022-07-20 12:34:47,2022-07-20 12:38:44,3,0.19943231602714698
4.205581559630788e+18,42.363147999999995,-71.093133,42.366153000000004,-71.092508,EAT,2022-07-20 12:35:27,2022-07-20 12:36:17,0,0.043971122894067995
7.048754555480308e+18,42.363147999999995,-71.093133,42.360623,-71.08743,EAT,2022-07-20 12:36:13,2022-07-20 12:39:03,2,0.14712323232656002
1.2763496206833453e+19,42.36255,-71.085605,42.363479999999996,-71.086999,EAT,2022-07-20 12:39:24,2022-07-20 12:44:34,5,0.267993804861762
5.940030304531894e+17,42.365031,-71.092656,42.365747999999996,-71.086574,EAT,2022-07-20 12:41:22,2022-07-20 12:48:00,6,0.34388884328061803
1.320227942725546e+19,42.36255,-71.085605,42.36630987613094,-71.09385221003511,EAT,2022-07-20 12:45:17,2022-07-20 12:45:34,0,0.014786362973826003
7.633174913383749e+18,42.363101,-71.08785400000001,42.362934,-71.082109,EAT,2022-07-20 12:46:39,2022-07-20 12:48:46,2,0.10998871437869699
1.4647609691417588e+19,42.364393,-71.08209699999999,42.364159,-71.078781,EAT,2022-07-20 12:46:45,2022-07-20 12:46:45,0,0.0
8.606028731552592e+18,42.365551,-71.09015699999999,42.367672999999996,-71.091185,EAT,2022-07-20 12:47:45,2022-07-20 12:47:45,0,0.0
6.308116584080771e+18,42.363147999999995,-71.093133,42.363479999999996,-71.086999,EAT,2022-07-20 12:48:07,2022-07-20 12:50:50,2,0.14069686686013
3.205312892592732e+18,42.359176,-71.088217,42.365833,-71.081106,EAT,2022-07-20 12:48:08,2022-07-20 13:03:04,14,0.768661071022779
8.601591697454251e+18,42.361649,-71.09047,42.360623,-71.08743,EAT,2022-07-20 12:48:11,2022-07-20 12:50:29,2,0.11822188257762199
5.394967195715462e+18,42.365551,-71.09015699999999,42.36864,-71.090018,EAT,2022-07-20 12:50:33,2022-07-20 12:51:14,0,0.03569323178143
1.1554010907146093e+19,42.363147999999995,-71.093133,42.361889,-71.090546,EAT,2022-07-20 12:51:48,2022-07-20 12:51:48,0,0.0
1.266620876291425e+19,42.363147999999995,-71.093133,42.3628,-71.08661500000001,EAT,2022-07-20 12:56:11,2022-07-20 12:57:07,0,0.250769462222163
9.711396022679458e+18,42.36255,-71.085605,42.361889,-71.090546,EAT,2022-07-20 12:57:44,2022-07-20 13:03:16,5,0.287019680777562
3.0444326958680617e+18,42.362666,-71.08399399999999,42.364891,-71.088978,EAT,2022-07-20 12:59:13,2022-07-20 12:59:13,0,0.0
3.9132332305798753e+18,42.361649,-71.09047,42.354988,-71.103274,EAT,2022-07-20 13:01:46,2022-07-20 13:05:33,3,1.006528223921664
1.5908234853541319e+19,42.363058,-71.092456,42.363218852024886,-71.0876848536742,EAT,2022-07-20 13:02:43,2022-07-20 13:04:54,2,0.11328943479213
1.02526932268332e+19,42.363147999999995,-71.093133,42.363218852024886,-71.0876848536742,EAT,2022-07-20 13:04:23,2022-07-20 13:06:30,2,0.11040392591090399
8.219809750349688e+18,42.363101,-71.08785400000001,42.366056,-71.092182,EAT,2022-07-20 13:04:35,2022-07-20 13:06:55,2,0.35492559948627206
1.673446301057146e+18,42.361317,-71.085981,42.360623,-71.08743,EAT,2022-07-20 13:04:53,2022-07-20 13:06:29,1,0.082853251676231
8.92099877500244e+18,42.363147999999995,-71.093133,42.361889,-71.090546,EAT,2022-07-20 13:05:45,2022-07-20 13:11:44,5,0.30997620571079004
1.0919904441385476e+19,42.365551,-71.09015699999999,42.366037,-71.093447,EAT,2022-07-20 13:08:33,2022-07-20 13:10:23,1,0.09563378529642999
1.221174446663934e+19,42.362666,-71.08399399999999,42.362702,-71.085364,EAT,2022-07-20 13:11:58,2022-07-20 13:13:22,1,0.07306664310242302
1.124342713060328e+19,42.36255,-71.085605,42.363218852024886,-71.0876848536742,EAT,2022-07-20 13:12:39,2022-07-20 13:21:01,8,0.433731953275017
5.703576685638931e+18,42.365031,-71.092656,42.363218852024886,-71.0876848536742,EAT,2022-07-20 13:12:39,2022-07-20 13:13:49,1,0.08140431365529001
1.0969637423831734e+19,42.363147999999995,-71.093133,42.36467240318265,-71.08384421052558,EAT,2022-07-20 13:12:39,2022-07-20 13:17:15,4,0.553853249167593
1.306389660104589e+19,42.365031,-71.092656,42.363462,-71.08755,EAT,2022-07-20 13:14:18,2022-07-20 13:14:38,0,0.017277846406696003
4.130735882135768e+17,42.36255,-71.085605,42.360184999999994,-71.094321,EAT,2022-07-20 13:14:20,2022-07-20 13:17:29,3,1.01283533522298
1.473587027402558e+19,42.363027,-71.091578,42.362934,-71.082109,EAT,2022-07-20 13:14:54,2022-07-20 13:16:34,1,0.518375744035316
1.685410702718604e+19,42.363578000000004,-71.083294,42.365903,-71.080833,EAT,2022-07-20 13:15:36,2022-07-20 13:20:13,4,0.23920625241772306
1.0281926202353177e+19,42.363323,-71.08247,42.363479999999996,-71.086999,EAT,2022-07-20 13:15:43,2022-07-20 13:17:18,1,0.45903791079636
6.455332955315067e+17,42.363027,-71.091578,42.364891,-71.088978,EAT,2022-07-20 13:18:03,2022-07-20 13:20:52,2,0.14636589604666597
1.740383189654826e+17,42.36853,-71.079323,42.361726000000004,-71.08377,EAT,2022-07-20 13:20:27,2022-07-20 13:24:23,3,0.203978585727963
1.6143138169900424e+18,42.36255,-71.085605,42.362686,-71.085348,EAT,2022-07-20 13:20:36,2022-07-20 13:24:50,4,1.6201372359264778
1.1631126309274703e+18,42.366295,-71.07820600000001,42.360623,-71.08743,EAT,2022-07-20 13:20:36,2022-07-20 13:22:49,2,0.687117097606406
1.4414647518609926e+19,42.36255,-71.085605,42.363218852024886,-71.0876848536742,EAT,2022-07-20 13:23:33,2022-07-20 13:25:06,1,0.08079226674336401
2.174707105230756e+18,42.363164000000005,-71.088442,42.360623,-71.08743,EAT,2022-07-20 13:25:00,2022-07-20 13:28:58,3,0.20556903972957305
4.664740595225188e+18,42.361649,-71.09047,42.362686,-71.085348,EAT,2022-07-20 13:29:00,2022-07-20 13:31:20,2,0.12165439749933198
1.5693754303170169e+19,42.365031,-71.092656,42.361889,-71.090546,EAT,2022-07-20 13:31:31,2022-07-20 13:35:23,3,0.8531815849064931
9.53962054680304e+18,42.36853,-71.079323,42.361889,-71.090546,EAT,2022-07-20 13:31:31,2022-07-20 13:33:54,2,0.7344869708389601
1.641706057172843e+19,42.363578000000004,-71.083294,42.366125,-71.081942,EAT,2022-07-20 13:32:02,2022-07-20 13:34:26,2,0.124327447412708
5.897155195808328e+18,42.36853,-71.079323,42.36973224973427,-71.0846743219662,EAT,2022-07-20 13:32:05,2022-07-20 13:33:49,1,0.589308193136576
1.3042423492070791e+19,42.363147999999995,-71.093133,42.36722312472629,-71.09475901105968,EAT,2022-07-20 13:32:40,2022-07-20 13:35:20,2,0.13875403298284603
1.21868516280126e+19,42.36853,-71.079323,42.361342,-71.08126700000001,EAT,2022-07-20 13:33:15,2022-07-20 13:40:45,7,0.3884065993688791
8.243409064925203e+18,42.36255,-71.085605,42.362934,-71.082109,EAT,2022-07-20 13:34:03,2022-07-20 13:35:43,1,0.08672512921336101
1.7113300393370796e+19,42.363058,-71.092456,42.363462,-71.08755,EAT,2022-07-20 13:34:51,2022-07-20 13:36:56,2,0.108456438713035
6.407431935951004e+18,42.366295,-71.07820600000001,42.366022824085505,-71.08192419192879,EAT,2022-07-20 13:35:03,2022-07-20 13:35:03,0,0.0004890776524650001
3.676590494138199e+18,42.363147999999995,-71.093133,42.362891999999995,-71.088942,EAT,2022-07-20 13:37:34,2022-07-20 13:39:11,1,0.08456698687208299
9.800292446498664e+18,42.359176,-71.088217,42.361889,-71.090546,EAT,2022-07-20 13:37:44,2022-07-20 13:39:42,1,0.096882967354785
4.064492338877093e+18,42.363164000000005,-71.088442,42.360623,-71.08743,EAT,2022-07-20 13:37:44,2022-07-20 13:42:51,5,0.26160631613200797
1.472428619900473e+19,42.361317,-71.085981,42.360623,-71.08743,EAT,2022-07-20 13:38:00,2022-07-20 13:40:32,2,0.126383863618652
8.458892668730243e+18,42.36853,-71.079323,42.366022824085505,-71.08192419192879,EAT,2022-07-20 13:39:08,2022-07-20 13:39:08,0,0.0004890776524650001
4.39389498955162e+18,42.365551,-71.09015699999999,42.366056,-71.092182,EAT,2022-07-20 13:40:29,2022-07-20 13:42:18,1,0.094150340518176
1.724562097892642e+19,42.363578000000004,-71.083294,42.362891999999995,-71.088942,EAT,2022-07-20 13:41:58,2022-07-20 13:54:09,12,0.6317435100782359
1.7533463592500044e+19,42.359176,-71.088217,42.359190999999996,-71.093366,EAT,2022-07-20 13:42:34,2022-07-20 13:45:18,2,0.14090220723003902
1.8414379038811664e+19,42.36255,-71.085605,42.363479999999996,-71.086999,EAT,2022-07-20 13:43:00,2022-07-20 13:43:18,0,0.016238602284651002
1.5160898005861818e+19,42.363027,-71.091578,42.36092,-71.083662,EAT,2022-07-20 13:43:07,2022-07-20 13:48:22,5,0.268200077771558
1.3270452823921398e+19,42.363147999999995,-71.093133,42.362891999999995,-71.088942,EAT,2022-07-20 13:44:01,2022-07-20 13:46:43,2,0.13995173008743803
5.046909442778795e+18,42.36853,-71.079323,42.36800866007077,-71.08056094925121,EAT,2022-07-20 13:46:04,2022-07-20 13:47:05,1,0.26258050713659803
2.7757424582603254e+18,42.361649,-71.09047,42.362696,-71.08536600000001,EAT,2022-07-20 13:46:06,2022-07-20 13:49:54,3,0.197200040126385
3.411062983212132e+17,42.36853,-71.079323,42.366022824085505,-71.08192419192879,EAT,2022-07-20 13:48:59,2022-07-20 13:48:59,0,0.0004890776524650001
3.8645874611613706e+18,42.365031,-71.092656,42.363218852024886,-71.0876848536742,EAT,2022-07-20 13:49:00,2022-07-20 13:50:07,1,0.05822112535373501
4.626004300325313e+18,42.36853,-71.079323,42.37026530944324,-71.0860003594164,EAT,2022-07-20 13:49:39,2022-07-20 14:04:51,15,0.787773005536827
1.713128001146669e+19,42.36255,-71.085605,42.366037,-71.093447,EAT,2022-07-20 13:53:13,2022-07-20 13:54:39,1,0.25579635618546204
5.329756507390253e+18,42.366295,-71.07820600000001,42.366037,-71.093447,EAT,2022-07-20 13:54:42,2022-07-20 13:56:37,1,0.8025968851336681
9.02962967479753e+18,42.36853,-71.079323,42.36827282988581,-71.07934889085548,EAT,2022-07-20 13:54:45,2022-07-20 13:55:05,0,0.017491861019855
7.072167494029665e+18,42.363058,-71.092456,42.3622,-71.0814,EAT,2022-07-20 13:54:57,2022-07-20 14:01:20,6,0.33094302817124105
1.260293060682889e+19,42.361317,-71.085981,42.37060127818784,-71.08775777137345,EAT,2022-07-20 13:56:38,2022-07-20 14:10:52,14,0.732510129082323
1.276213483175426e+19,42.363147999999995,-71.093133,42.362696,-71.08536600000001,EAT,2022-07-20 13:57:36,2022-07-20 13:58:01,0,0.021594007183659003
1.5679321812841177e+19,42.36335,-71.08775,42.366345478443044,-71.0939414117272,EAT,2022-07-20 14:00:58,2022-07-20 14:01:09,0,0.009611145064548
1.5408898202111594e+19,42.36335,-71.08775,42.366460614351475,-71.09462589621789,EAT,2022-07-20 14:04:19,2022-07-20 14:04:40,0,0.018682883359536
9.626270451391158e+18,42.365244,-71.08233299999999,42.365903,-71.080833,EAT,2022-07-20 14:05:00,2022-07-20 14:06:52,1,0.096981024865213
4.731892295634857e+18,42.365551,-71.09015699999999,42.361889,-71.090546,EAT,2022-07-20 14:05:22,2022-07-20 14:09:12,3,0.19874399476181798
6.406441919475744e+17,42.36335,-71.08775,42.363479999999996,-71.086999,EAT,2022-07-20 14:06:05,2022-07-20 14:15:45,9,0.5006576209810351
1.188047696418215e+19,42.36335,-71.08775,42.360217,-71.093716,EAT,2022-07-20 14:06:20,2022-07-20 14:13:55,7,0.393539902072886
8.059638583275873e+18,42.361649,-71.09047,42.362702,-71.085364,EAT,2022-07-20 14:06:48,2022-07-20 14:10:45,3,0.20283104489844103
1.179764328379361e+19,42.364512,-71.082035,42.366125,-71.081942,EAT,2022-07-20 14:07:00,2022-07-20 14:07:55,0,0.047843250039125006
1.3901032335491326e+19,42.36335,-71.08775,42.3628,-71.08661500000001,EAT,2022-07-20 14:07:50,2022-07-20 14:10:01,2,0.11337900591012699
1.798378039652747e+19,42.36335,-71.08775,42.366355,-71.094301,EAT,2022-07-20 14:10:56,2022-07-20 14:11:21,0,0.021659553260716
1.0380764029416493e+19,42.36335,-71.08775,42.365974,-71.092956,EAT,2022-07-20 14:11:24,2022-07-20 14:13:22,1,0.10190795944178699
4.2216952558340547e+18,42.365551,-71.09015699999999,42.370150989249176,-71.0879078120002,EAT,2022-07-20 14:11:56,2022-07-20 14:26:28,14,0.7529625272914781
8.198202270461434e+18,42.366383,-71.091443,42.3671,-71.090689,EAT,2022-07-20 14:16:45,2022-07-20 14:21:01,4,0.221598296988
1.8394626515014487e+18,42.364512,-71.082035,42.366302000000005,-71.077689,EAT,2022-07-20 14:17:00,2022-07-20 14:18:03,1,0.055172933080096014
1.1588714970486204e+19,42.36335,-71.08775,42.362891999999995,-71.088942,EAT,2022-07-20 14:18:23,2022-07-20 14:18:52,0,0.025198083665772003
6.171333624779617e+18,42.361649,-71.09047,42.35731286087468,-71.09384525746042,EAT,2022-07-20 14:19:57,2022-07-20 14:20:24,0,0.07278080095926201
1.2125833987112624e+19,42.36335,-71.08775,42.366355,-71.094301,EAT,2022-07-20 14:23:05,2022-07-20 14:23:05,0,0.0
7.953055129653712e+18,42.36335,-71.08775,42.363218852024886,-71.0876848536742,EAT,2022-07-20 14:23:19,2022-07-20 14:23:19,0,0.0
9.959191769159842e+18,42.365551,-71.09015699999999,42.366037,-71.093447,EAT,2022-07-20 14:24:14,2022-07-20 14:25:53,1,0.4148329984274151
1.8112915972532998e+19,42.36335,-71.08775,42.366355,-71.094301,EAT,2022-07-20 14:25:25,2022-07-20 14:25:59,0,0.029565804264654
5.764001489570692e+18,42.36335,-71.08775,42.360217,-71.093716,EAT,2022-07-20 14:26:00,2022-07-20 14:28:13,2,0.11488387796432803
1.526495164335026e+19,42.36335,-71.08775,42.366447267755206,-71.09531829120583,EAT,2022-07-20 14:27:07,2022-07-20 14:30:30,3,0.17530534737744702
3.070364846846512e+18,42.361649,-71.09047,42.361889,-71.090546,EAT,2022-07-20 14:29:05,2022-07-20 14:38:35,9,0.487696062937214
3.670772620442316e+18,42.36335,-71.08775,42.363218852024886,-71.0876848536742,EAT,2022-07-20 14:29:10,2022-07-20 14:30:05,0,0.048110294224205014
4.28470551551475e+17,42.36335,-71.08775,42.362891999999995,-71.088942,EAT,2022-07-20 14:30:00,2022-07-20 14:30:29,0,0.025198083665772003
1.5992417520101251e+19,42.364512,-71.082035,42.362447100000004,-71.0800015,EAT,2022-07-20 14:30:21,2022-07-20 14:34:37,4,0.22152427428342106
1.77350661337561e+19,42.366646,-71.086437,42.367721,-71.085187,EAT,2022-07-20 14:33:20,2022-07-20 14:36:06,2,0.143636139228613
8.8870429846836e+18,42.36335,-71.08775,42.363479999999996,-71.086999,EAT,2022-07-20 14:33:28,2022-07-20 14:33:46,0,0.016238602284651002
3.416115356429114e+18,42.363323,-71.08247,42.3643,-71.079199,EAT,2022-07-20 14:33:29,2022-07-20 14:36:26,2,0.15338937474575198
3.3946373592301594e+18,42.364512,-71.082035,42.364441,-71.079598,EAT,2022-07-20 14:35:58,2022-07-20 14:38:32,2,0.133511363351314
1.0246956703887782e+19,42.36335,-71.08775,42.366153000000004,-71.092508,EAT,2022-07-20 14:36:32,2022-07-20 14:37:24,0,0.045368486734321006
9.220494810538851e+18,42.36335,-71.08775,42.362696,-71.08536600000001,EAT,2022-07-20 14:39:58,2022-07-20 14:40:49,0,0.044279299997936006
8.062092509411758e+18,42.364512,-71.082035,42.366022824085505,-71.08192419192879,EAT,2022-07-20 14:40:01,2022-07-20 14:40:01,0,0.0004890776524650001
5.350577865849156e+18,42.36335,-71.08775,42.362891999999995,-71.088942,EAT,2022-07-20 14:40:02,2022-07-20 14:43:03,3,0.15675601770597802
1.2026831438656522e+18,42.36335,-71.08775,42.3628,-71.08661500000001,EAT,2022-07-20 14:40:31,2022-07-20 14:42:42,2,0.11337900591012699
8.52427340705306e+18,42.361649,-71.09047,42.362778999999996,-71.101189,EAT,2022-07-20 14:41:09,2022-07-20 14:45:39,4,1.3832615568683448
1.7122854434667258e+19,42.36335,-71.08775,42.363462,-71.08755,EAT,2022-07-20 14:42:36,2022-07-20 14:45:47,3,0.164862181278905
1.583241202520071e+19,42.36335,-71.08775,42.3638336,-71.0921638,EAT,2022-07-20 14:42:37,2022-07-20 14:45:20,2,0.14085069427779598
3.623460054795257e+18,42.36335,-71.08775,42.363462,-71.08755,EAT,2022-07-20 14:42:52,2022-07-20 14:44:07,1,0.06538814063090499
8.788692193910789e+17,42.36335,-71.08775,42.363479999999996,-71.086999,EAT,2022-07-20 14:43:30,2022-07-20 14:44:56,1,0.074307483083381
4.480428904801608e+18,42.36335,-71.08775,42.363218852024886,-71.0876848536742,EAT,2022-07-20 14:44:04,2022-07-20 14:45:11,1,0.05822112535373501
1.9060826518222129e+18,42.364512,-71.082035,42.362636241361024,-71.08273466757198,EAT,2022-07-20 14:44:28,2022-07-20 14:49:06,4,1.301179233295191
1.422304946595017e+17,42.364512,-71.082035,42.363218852024886,-71.0876848536742,EAT,2022-07-20 14:44:28,2022-07-20 14:46:17,1,0.4516637594539391
1.552551128371112e+19,42.365551,-71.09015699999999,42.366372,-71.093115,EAT,2022-07-20 14:44:49,2022-07-20 14:47:00,2,0.11344360329906099
1.13722616472349e+19,42.36335,-71.08775,42.362891999999995,-71.088942,EAT,2022-07-20 14:45:10,2022-07-20 14:48:50,3,0.190440906966144
1.689761738325127e+19,42.36335,-71.08775,42.3672754,-71.0861518,EAT,2022-07-20 14:46:05,2022-07-20 14:50:36,4,0.234221510470472
1.3310736536438182e+18,42.36335,-71.08775,42.362229,-71.081647,EAT,2022-07-20 14:48:20,2022-07-20 14:51:43,3,0.17572304150546902
7.560901825199158e+18,42.36335,-71.08775,42.364891,-71.088978,EAT,2022-07-20 14:50:58,2022-07-20 14:53:39,2,0.13901600281245902
3.305766121798318e+17,42.362207,-71.087304,42.358503000000006,-71.087787,EAT,2022-07-20 14:51:08,2022-07-20 14:51:55,0,0.040756745862352006
1.6980801006838694e+19,42.36335,-71.08775,42.362897,-71.083786,EAT,2022-07-20 14:51:39,2022-07-20 14:52:33,0,0.257588991402049
5.441853024849974e+18,42.36335,-71.08775,42.364891,-71.088978,EAT,2022-07-20 14:52:56,2022-07-20 14:55:37,2,0.13901600281245902
4.570393401495403e+18,42.36335,-71.08775,42.3622,-71.0814,EAT,2022-07-20 14:54:49,2022-07-20 14:56:05,1,0.06572966238915301
1.237296006550567e+19,42.36335,-71.08775,42.366355,-71.094301,EAT,2022-07-20 14:55:34,2022-07-20 14:58:35,3,0.156315504715271
1.3336331465715855e+19,42.365551,-71.09015699999999,42.366037,-71.093447,EAT,2022-07-20 14:55:34,2022-07-20 14:55:34,0,0.000638300013618
1.3787486941731463e+19,42.36335,-71.08775,42.3639,-71.088132,EAT,2022-07-20 14:55:54,2022-07-20 14:57:16,1,0.40073295379927104
6.07052051194533e+18,42.36335,-71.08775,42.363053,-71.086022,EAT,2022-07-20 14:55:54,2022-07-20 14:58:38,2,0.7288631193300229
1.0836503117592797e+19,42.364305,-71.08403299999999,42.362934,-71.082109,EAT,2022-07-20 14:56:12,2022-07-20 14:59:32,3,0.172810768088409
6.281718025076406e+17,42.361649,-71.09047,42.3671,-71.090689,EAT,2022-07-20 14:56:36,2022-07-20 15:00:07,3,0.8878632958212731
6.566472220990492e+18,42.36335,-71.08775,42.362696,-71.08536600000001,EAT,2022-07-20 14:57:04,2022-07-20 14:59:09,2,0.108286361616151
8.37383816782392e+18,42.364512,-71.082035,42.365895,-71.076832,EAT,2022-07-20 14:57:44,2022-07-20 14:58:26,0,0.036590237252335005
8.015936570468145e+18,42.36335,-71.08775,42.364955,-71.088802,EAT,2022-07-20 14:58:12,2022-07-20 15:00:14,2,0.105747143654378
2.03876021284608e+18,42.36335,-71.08775,42.365691,-71.092708,EAT,2022-07-20 14:58:31,2022-07-20 15:00:31,2,0.103632155209061
1.5293145364180208e+19,42.36335,-71.08775,42.363462,-71.08755,EAT,2022-07-20 14:58:39,2022-07-20 15:01:40,3,0.15664363899209602
7.012919447239261e+18,42.365244,-71.08233299999999,42.360176467630076,-71.08576965108064,EAT,2022-07-20 14:59:27,2022-07-20 15:02:36,3,0.8276148616670891
1.0813722820141636e+18,42.365244,-71.08233299999999,42.367081,-71.080211,EAT,2022-07-20 14:59:47,2022-07-20 15:01:32,1,0.09074570891944399
7.729580382196577e+18,42.363101,-71.08785400000001,42.362891999999995,-71.088942,EAT,2022-07-20 15:01:24,2022-07-20 15:03:28,2,0.107253644835368
6.562441395955326e+18,42.363039,-71.088413,42.364891,-71.088978,EAT,2022-07-20 15:02:29,2022-07-20 15:08:21,5,0.30439382918419106
6.923506571277254e+17,42.365244,-71.08233299999999,42.363408,-71.081699,EAT,2022-07-20 15:03:34,2022-07-20 15:06:01,2,0.12697524788661402
1.3249052202778107e+18,42.363101,-71.08785400000001,42.360623,-71.08743,EAT,2022-07-20 15:03:48,2022-07-20 15:06:38,2,0.14712323232656002
4.480248729095965e+17,42.36335,-71.08775,42.362891999999995,-71.088942,EAT,2022-07-20 15:04:32,2022-07-20 15:05:55,1,0.072301518811132
3.196705896250084e+18,42.365031,-71.092656,42.361889,-71.090546,EAT,2022-07-20 15:04:48,2022-07-20 15:07:31,2,0.14142452769219702
1.7023333062913137e+19,42.363039,-71.088413,42.368065,-71.07774599999999,EAT,2022-07-20 15:05:32,2022-07-20 15:08:01,2,0.7257253558361341
1.5382037936254884e+19,42.363101,-71.08785400000001,42.362934,-71.082109,EAT,2022-07-20 15:05:51,2022-07-20 15:17:24,11,0.5986716198133041
2.983622940267902e+18,42.365551,-71.09015699999999,42.362934,-71.082109,EAT,2022-07-20 15:05:51,2022-07-20 15:08:05,2,0.507652554913504
1.818553877041136e+19,42.36335,-71.08775,42.362077,-71.08483299999999,EAT,2022-07-20 15:05:51,2022-07-20 15:11:51,6,1.6886507499120649
1.698642933045475e+19,42.36335,-71.08775,42.362897,-71.083786,EAT,2022-07-20 15:05:51,2022-07-20 15:08:26,2,0.5275121653235021
6.48664749696725e+18,42.363101,-71.08785400000001,42.362897,-71.083786,EAT,2022-07-20 15:05:51,2022-07-20 15:16:35,10,0.5560006003533791
1.475084082409309e+19,42.365551,-71.09015699999999,42.36864,-71.090018,EAT,2022-07-20 15:08:15,2022-07-20 15:10:56,2,0.13914193795603502
3.672021697970432e+18,42.359142,-71.092973,42.361889,-71.090546,EAT,2022-07-20 15:11:29,2022-07-20 15:15:23,3,0.19746322318136705
1.1393669107403422e+19,42.367536,-71.080956,42.366022824085505,-71.08192419192879,EAT,2022-07-20 15:12:06,2022-07-20 15:15:38,3,0.18380329848819105
1.7136855446559197e+19,42.364305,-71.08403299999999,42.363626000000004,-71.07956300000001,EAT,2022-07-20 15:14:03,2022-07-20 15:17:44,3,0.191208318938916
1.297437041275124e+19,42.359176,-71.088217,42.3643,-71.079199,EAT,2022-07-20 15:14:16,2022-07-20 15:23:15,8,0.4657497277571041
1.0971451076867222e+19,42.359176,-71.088217,42.360623,-71.08743,EAT,2022-07-20 15:14:31,2022-07-20 15:16:11,1,0.08695847694900301
1.6292009794134989e+19,42.365244,-71.08233299999999,42.364793,-71.08313100000001,EAT,2022-07-20 15:14:39,2022-07-20 15:14:39,0,0.0
1.4138092269070735e+19,42.363323,-71.08247,42.36170621072818,-71.08399462386383,EAT,2022-07-20 15:15:36,2022-07-20 15:22:37,7,0.3636937456772771
1.697792744560068e+19,42.363147999999995,-71.093133,42.362696,-71.08536600000001,EAT,2022-07-20 15:15:41,2022-07-20 15:17:46,2,0.108286361616151
1.3073204038564151e+19,42.363323,-71.08247,42.361726000000004,-71.08377,EAT,2022-07-20 15:16:21,2022-07-20 15:24:51,8,2.68865711666588
7.97832243883337e+18,42.363578000000004,-71.083294,42.3622,-71.0814,EAT,2022-07-20 15:19:00,2022-07-20 15:19:55,0,0.047740637523657994
7.31278213198014e+18,42.363147999999995,-71.093133,42.362696,-71.08536600000001,EAT,2022-07-20 15:19:20,2022-07-20 15:19:45,0,0.021594007183659003
4.3499714900804526e+18,42.363101,-71.08785400000001,42.360623,-71.08743,EAT,2022-07-20 15:22:31,2022-07-20 15:26:10,3,0.18943070248252705
7.77780949238239e+18,42.359176,-71.088217,42.360176467630076,-71.08576965108064,EAT,2022-07-20 15:22:33,2022-07-20 15:26:29,3,0.203778732937286
9.01919405046656e+17,42.366295,-71.07820600000001,42.361889,-71.090546,EAT,2022-07-20 15:23:06,2022-07-20 15:34:50,11,0.6076432954044111
3.1415044869722854e+18,42.365244,-71.08233299999999,42.362891999999995,-71.088942,EAT,2022-07-20 15:23:06,2022-07-20 15:32:40,9,0.495744076172371
2.5257071146984016e+17,42.365551,-71.09015699999999,42.36864,-71.090018,EAT,2022-07-20 15:24:44,2022-07-20 15:25:14,0,0.026524728654959
1.2407479340019888e+19,42.36335,-71.08775,42.363053,-71.086022,EAT,2022-07-20 15:25:34,2022-07-20 15:27:53,2,0.120680975344916
4.77394707912633e+18,42.365551,-71.09015699999999,42.366153000000004,-71.092508,EAT,2022-07-20 15:25:44,2022-07-20 15:28:41,2,0.153605870943255
3.330776932391268e+18,42.36335,-71.08775,42.363462,-71.08755,EAT,2022-07-20 15:25:46,2022-07-20 15:26:06,0,0.017277846406696003
2.1209261927697925e+18,42.363323,-71.08247,42.364369,-71.081379,EAT,2022-07-20 15:25:58,2022-07-20 15:27:20,1,0.07094700889403101
1.7180550318643113e+18,42.363101,-71.08785400000001,42.363462,-71.08755,EAT,2022-07-20 15:26:13,2022-07-20 15:27:08,0,0.048110294224205014
4.593128192151009e+17,42.364393,-71.08209699999999,42.363479999999996,-71.086999,EAT,2022-07-20 15:26:36,2022-07-20 15:28:37,2,0.582895653840807
4.987413605646473e+18,42.363101,-71.08785400000001,42.361889,-71.090546,EAT,2022-07-20 15:28:49,2022-07-20 15:32:24,3,0.18636540803934198
1.6768193435679248e+19,42.363101,-71.08785400000001,42.3639,-71.088132,EAT,2022-07-20 15:29:08,2022-07-20 15:31:02,1,0.098764816085629
5.10205652478356e+18,42.365551,-71.09015699999999,42.366037,-71.093447,EAT,2022-07-20 15:29:41,2022-07-20 15:31:56,2,0.116976197604999
1.8162199609896108e+19,42.363039,-71.088413,42.363218852024886,-71.0876848536742,EAT,2022-07-20 15:30:15,2022-07-20 15:33:22,3,0.161476635071191
1.5092751322805965e+19,42.363101,-71.08785400000001,42.363218852024886,-71.0876848536742,EAT,2022-07-20 15:32:30,2022-07-20 15:34:12,1,0.08829308342511001
1.337015769661071e+19,42.366056,-71.092182,42.364891,-71.088978,EAT,2022-07-20 15:33:12,2022-07-20 15:35:11,1,0.103372615185666
5.056431208445109e+18,42.361317,-71.085981,42.360623,-71.08743,EAT,2022-07-20 15:33:13,2022-07-20 15:33:13,0,0.0
2.529969628529069e+18,42.359176,-71.088217,42.362696,-71.08536600000001,EAT,2022-07-20 15:34:30,2022-07-20 15:36:46,2,0.11781162928488
2.712151381093094e+18,42.363101,-71.08785400000001,42.363479999999996,-71.086999,EAT,2022-07-20 15:36:19,2022-07-20 15:39:19,3,0.155604394870049
2.0154462413703044e+16,42.365244,-71.08233299999999,42.362787,-71.083525,EAT,2022-07-20 15:36:35,2022-07-20 15:42:00,5,0.28094783008858604
8.81885217900641e+18,42.366295,-71.07820600000001,42.3662424124032,-71.07850063191331,EAT,2022-07-20 15:38:01,2022-07-20 15:43:40,5,0.293129131187787
7.927566902147721e+17,42.363323,-71.08247,42.368691035485966,-71.07942557369856,EAT,2022-07-20 15:38:01,2022-07-20 15:39:25,1,0.362768528472312
7.706555034880254e+18,42.363147999999995,-71.093133,42.363479999999996,-71.086999,EAT,2022-07-20 15:38:09,2022-07-20 15:39:04,0,0.048152061192264006
6.863769165322215e+18,42.366056,-71.092182,42.36731735237815,-71.09199459317931,EAT,2022-07-20 15:38:35,2022-07-20 15:42:30,3,0.203378953935095
1.1688646996946743e+19,42.365031,-71.092656,42.366372,-71.093115,EAT,2022-07-20 15:42:40,2022-07-20 15:45:22,2,0.6167025002570351
1.541073248802644e+16,42.365244,-71.08233299999999,42.3622,-71.0814,EAT,2022-07-20 15:43:50,2022-07-20 15:44:45,0,0.047740637523657994
9.27659794394269e+18,42.366056,-71.092182,42.363855,-71.08782,EAT,2022-07-20 15:44:23,2022-07-20 15:46:12,1,0.094294788553215
9.080922084438128e+18,42.366056,-71.092182,42.363479999999996,-71.086999,EAT,2022-07-20 15:44:23,2022-07-20 15:46:34,2,0.11328943479213
1.5513491434485709e+19,42.364909999999995,-71.08259,42.366022824085505,-71.08192419192879,EAT,2022-07-20 15:45:02,2022-07-20 15:45:02,0,0.0004890776524650001
1.5148298089131366e+19,42.363039,-71.088413,42.36467240318265,-71.08384421052558,EAT,2022-07-20 15:45:02,2022-07-20 15:46:36,1,0.498627702844487
1.7661299415038067e+19,42.359176,-71.088217,42.362891999999995,-71.088942,EAT,2022-07-20 15:45:38,2022-07-20 15:47:31,1,0.09313762773119
3.690638340124984e+18,42.365551,-71.09015699999999,42.365974,-71.092956,EAT,2022-07-20 15:46:45,2022-07-20 15:47:18,0,0.136468030528093
1.0784459949375646e+19,42.363101,-71.08785400000001,42.362077,-71.08483299999999,EAT,2022-07-20 15:47:00,2022-07-20 15:48:40,1,0.08709790127938799
8.027973682979699e+18,42.363323,-71.08247,42.363408,-71.081699,EAT,2022-07-20 15:47:16,2022-07-20 15:49:28,2,0.113926508737
6.472450274643886e+18,42.365551,-71.09015699999999,42.362891999999995,-71.088942,EAT,2022-07-20 15:49:00,2022-07-20 15:52:56,3,0.203990896086745
1.7443539170389338e+19,42.365031,-71.092656,42.36205,-71.084711,EAT,2022-07-20 15:50:05,2022-07-20 16:01:59,11,0.6167936471219749
1.1991699948776878e+19,42.365551,-71.09015699999999,42.366037,-71.093447,EAT,2022-07-20 15:50:20,2022-07-20 15:52:26,2,0.108886848496871
6.604353078906988e+18,42.365551,-71.09015699999999,42.36864,-71.090018,EAT,2022-07-20 15:50:20,2022-07-20 15:50:24,0,0.003784748887771001
1.746583761882678e+19,42.363323,-71.08247,42.3650769,-71.07844279999999,EAT,2022-07-20 15:50:37,2022-07-20 15:52:31,1,0.098681667788715
1.783960951544313e+19,42.363101,-71.08785400000001,42.362702,-71.085364,EAT,2022-07-20 15:50:46,2022-07-20 15:52:26,1,0.08709790127938799
2.1661471194446208e+18,42.359176,-71.088217,42.360623,-71.08743,EAT,2022-07-20 15:51:22,2022-07-20 15:55:24,4,0.20902361206099998
7.568531680109309e+18,42.363039,-71.088413,42.3622,-71.0814,EAT,2022-07-20 15:51:35,2022-07-20 15:54:11,2,0.13534237031061
3.2410653730407546e+17,42.365244,-71.08233299999999,42.367081,-71.080211,EAT,2022-07-20 15:52:05,2022-07-20 15:53:50,1,0.09074570891944399
8.82518225586488e+18,42.365031,-71.092656,42.36359,-71.079025,EAT,2022-07-20 15:52:22,2022-07-20 15:54:00,1,0.6817844498451581
8.613291659312045e+18,42.364909999999995,-71.08259,42.366125,-71.081942,EAT,2022-07-20 15:53:56,2022-07-20 15:55:22,1,0.07466469265945
6.09285089414544e+18,42.363039,-71.088413,42.361726000000004,-71.08377,EAT,2022-07-20 16:04:00,2022-07-20 16:06:46,2,0.143603682496545
1.0213529385635287e+19,42.363587,-71.083219,42.363579,-71.099631,EAT,2022-07-20 16:06:54,2022-07-20 16:28:59,22,1.144114645694906
1.623162759952137e+19,42.36255,-71.085605,42.360176467630076,-71.08576965108064,EAT,2022-07-20 16:06:55,2022-07-20 16:09:22,2,0.797512132892485
3.0198730887840287e+18,42.363587,-71.083219,42.367721,-71.085187,EAT,2022-07-20 16:07:23,2022-07-20 16:09:06,1,0.5540055373857741
6.784361767214401e+18,42.360213,-71.085994,42.366022824085505,-71.08192419192879,EAT,2022-07-20 16:12:58,2022-07-20 16:16:54,3,1.386964288866514
3.621492912668446e+18,42.363587,-71.083219,42.366125,-71.081942,EAT,2022-07-20 16:13:00,2022-07-20 16:14:12,1,0.062477654394194
2.9547718787081467e+18,42.363027,-71.091578,42.363462,-71.08755,EAT,2022-07-20 16:14:44,2022-07-20 16:16:49,2,0.108456438713035
1.4800306186482246e+19,42.363587,-71.083219,42.3643,-71.079199,EAT,2022-07-20 16:16:19,2022-07-20 16:17:18,0,0.379386272482886
4.650293930451208e+18,42.36255,-71.085605,42.360184999999994,-71.094321,EAT,2022-07-20 16:20:36,2022-07-20 16:23:17,2,0.6919194255860721
9.684130847734323e+18,42.363039,-71.088413,42.363218852024886,-71.0876848536742,EAT,2022-07-20 16:21:25,2022-07-20 16:21:25,0,0.0
1.7439049822777242e+19,42.362666,-71.08399399999999,42.369973381726815,-71.0870583189023,EAT,2022-07-20 16:28:03,2022-07-20 16:32:17,4,0.723990322850371
3.7917048744201713e+18,42.365551,-71.09015699999999,42.363053,-71.086022,EAT,2022-07-20 16:28:37,2022-07-20 16:31:12,2,0.6197384980378821
1.7971443373943712e+19,42.366383,-71.091443,42.363053,-71.086022,EAT,2022-07-20 16:28:37,2022-07-20 16:41:25,12,0.6634267314637841
1.6512544494565627e+18,42.365551,-71.09015699999999,42.363053,-71.086022,EAT,2022-07-20 16:28:37,2022-07-20 16:39:38,11,0.570910276500035
1.2967994511340329e+19,42.365551,-71.09015699999999,42.363053,-71.086022,EAT,2022-07-20 16:28:37,2022-07-20 16:30:53,2,0.5672803916195861
2.2204388211435812e+18,42.365551,-71.09015699999999,42.363053,-71.086022,EAT,2022-07-20 16:28:37,2022-07-20 16:30:30,1,0.458891167351545
1.1723898502090375e+19,42.365551,-71.09015699999999,42.363053,-71.086022,EAT,2022-07-20 16:28:37,2022-07-20 16:36:39,8,0.416034262022871
2.633064226577246e+18,42.363587,-71.083219,42.370188705499885,-71.08678342184233,EAT,2022-07-20 16:28:56,2022-07-20 16:30:51,1,0.687116414010808
1.8654051974397712e+17,42.363027,-71.091578,42.363479999999996,-71.086999,EAT,2022-07-20 16:31:00,2022-07-20 16:32:14,1,0.06439066347691699
4.67878267395112e+18,42.363587,-71.083219,42.3650471063704,-71.09269561781029,EAT,2022-07-20 16:31:51,2022-07-20 16:34:23,2,0.8751276234926041
8.193457036049733e+18,42.365551,-71.09015699999999,42.366037,-71.093447,EAT,2022-07-20 16:34:13,2022-07-20 16:35:36,1,0.27271525703071803
1.5979745816182454e+19,42.363587,-71.083219,42.36092,-71.083662,EAT,2022-07-20 16:34:49,2022-07-20 16:37:28,2,0.9082940024329492
1.5412489896555065e+19,42.363039,-71.088413,42.361889,-71.090546,EAT,2022-07-20 16:36:58,2022-07-20 16:37:45,0,0.27192793419675004
1.082871038737642e+19,42.362207,-71.087304,42.365952,-71.082562,EAT,2022-07-20 16:38:58,2022-07-20 16:41:03,2,0.7070255915379441
1.2079717011102532e+19,42.363587,-71.083219,42.354988,-71.103274,EAT,2022-07-20 16:39:29,2022-07-20 16:43:45,4,1.936209199847936
1.752100181130797e+19,42.366383,-71.091443,42.363053,-71.086022,EAT,2022-07-20 16:40:42,2022-07-20 16:53:06,12,0.6427001192781301
1.0807025816329044e+19,42.360213,-71.085994,42.362934,-71.082109,EAT,2022-07-20 16:45:03,2022-07-20 16:51:46,6,1.6025996059023109
5.344640273279052e+18,42.363587,-71.083219,42.362934,-71.082109,EAT,2022-07-20 16:45:24,2022-07-20 16:46:01,0,0.032735893627582
1.1247591772697328e+19,42.362666,-71.08399399999999,42.366118,-71.07826899999999,EAT,2022-07-20 16:48:21,2022-07-20 16:50:40,2,0.9544104871762252
2.3883544642989414e+18,42.363027,-71.091578,42.3628,-71.08661500000001,EAT,2022-07-20 16:50:06,2022-07-20 16:55:05,4,0.25879951263516604
5.008141044061816e+18,42.366383,-71.091443,42.366277000000004,-71.09169,EAT,2022-07-20 16:59:00,2022-07-20 16:59:34,0,0.030014041100182007
3.338179732040552e+18,42.363039,-71.088413,42.362696,-71.08536600000001,EAT,2022-07-20 17:00:40,2022-07-20 17:01:45,1,0.38833581372082304
1.3377918942308432e+19,42.363039,-71.088413,42.362702,-71.085364,EAT,2022-07-20 17:09:55,2022-07-20 17:15:51,5,0.30755885905004604
1.3974784654878845e+19,42.368071,-71.093378,42.362934,-71.082109,EAT,2022-07-20 17:14:07,2022-07-20 17:25:37,11,0.5960919196527931
1.0119391968089838e+19,42.368071,-71.093378,42.366845,-71.091961,EAT,2022-07-20 17:15:00,2022-07-20 17:19:57,4,0.256625493370297
5.069595049086945e+18,42.363039,-71.088413,42.366277000000004,-71.09169,EAT,2022-07-20 17:16:56,2022-07-20 17:18:15,1,0.212096865925728
1787652247745024.0,42.36335,-71.08775,42.363479999999996,-71.086999,EAT,2022-07-20 17:17:00,2022-07-20 17:21:31,4,0.23472102141550705
1.1217300377288466e+19,42.363323,-71.08247,42.36861298351221,-71.07997877345791,EAT,2022-07-20 17:18:20,2022-07-20 17:26:25,8,0.4192846236473341
7.602061320306133e+18,42.368071,-71.093378,42.362978999999996,-71.090974,EAT,2022-07-20 17:22:00,2022-07-20 17:23:38,1,0.08541005312612501
1.3439408043321825e+18,42.363323,-71.08247,42.3662424124032,-71.07850063191331,EAT,2022-07-20 17:24:39,2022-07-20 17:27:18,2,0.344764722388193
1.4596032828706824e+18,42.363147999999995,-71.093133,42.3662424124032,-71.07850063191331,EAT,2022-07-20 17:24:39,2022-07-20 17:33:48,9,0.474204648649715
1.4439952561633855e+19,42.363039,-71.088413,42.362702,-71.085364,EAT,2022-07-20 17:29:00,2022-07-20 17:31:50,2,0.919902735952048
1.0291377383812889e+19,42.363323,-71.08247,42.369535,-71.086791,EAT,2022-07-20 17:32:52,2022-07-20 17:47:17,14,0.747368055570067
5.68048305727418e+18,42.363323,-71.08247,42.362077,-71.08483299999999,EAT,2022-07-20 17:32:52,2022-07-20 17:36:56,4,1.6243210880727852
6.755451675630044e+18,42.363323,-71.08247,42.366419,-71.077299,EAT,2022-07-20 17:34:00,2022-07-20 17:34:15,0,0.013100037251831002
1.6028883436119165e+19,42.360213,-71.085994,42.360623,-71.08743,EAT,2022-07-20 17:37:43,2022-07-20 17:39:38,1,0.509867185567594
1.6244460778677795e+19,42.363323,-71.08247,42.363579,-71.099631,EAT,2022-07-20 17:39:17,2022-07-20 18:00:56,21,1.121435631525408
3.236908149297562e+18,42.366355,-71.094301,42.363218852024886,-71.0876848536742,EAT,2022-07-20 17:40:00,2022-07-20 17:41:01,1,0.06100104193268401
1.2531401948603437e+19,42.36335,-71.08775,42.3642971,-71.0883919,EAT,2022-07-20 17:40:29,2022-07-20 17:44:14,3,0.19472039236664
1.6346406258704908e+19,42.363323,-71.08247,42.362934,-71.082109,EAT,2022-07-20 17:46:00,2022-07-20 17:47:33,1,0.08087613108078301
1.538214003348791e+19,42.363323,-71.08247,42.362787,-71.083525,EAT,2022-07-20 17:54:28,2022-07-20 18:05:15,10,0.558759309822344
4.791488326925892e+18,42.363323,-71.08247,42.361342,-71.08126700000001,EAT,2022-07-20 17:56:15,2022-07-20 18:05:32,9,0.480836912329435
1.5011834648657966e+18,42.363147999999995,-71.093133,42.362934,-71.082109,EAT,2022-07-20 17:57:53,2022-07-20 18:08:19,10,0.5404108545916181
7.134269533182463e+18,42.363147999999995,-71.093133,42.362934,-71.082109,EAT,2022-07-20 17:57:53,2022-07-20 18:02:48,4,0.6911299598024121
3.1152070680057523e+18,42.366355,-71.094301,42.363218852024886,-71.0876848536742,EAT,2022-07-20 17:57:53,2022-07-20 18:00:04,2,0.11328943479213
1.7974160503878492e+19,42.363468,-71.088546,42.363053,-71.086022,EAT,2022-07-20 18:04:59,2022-07-20 18:14:44,9,0.505571134662635
4.980963062600776e+18,42.366383,-71.091443,42.363053,-71.086022,EAT,2022-07-20 18:04:59,2022-07-20 18:07:32,2,0.615879526020589
9.905175147239633e+18,42.362666,-71.08399399999999,42.359190999999996,-71.093366,EAT,2022-07-20 18:07:44,2022-07-20 18:16:19,8,0.443971148965275
1.1900229815573975e+19,42.361649,-71.09047,42.362934,-71.082109,EAT,2022-07-20 18:11:51,2022-07-20 18:22:07,10,0.5265753852730221
1.5825716039713389e+19,42.363323,-71.08247,42.37060127818784,-71.08775777137345,EAT,2022-07-20 18:12:25,2022-07-20 18:13:53,1,0.675597739952845
1.558945092266798e+19,42.363323,-71.08247,42.363479999999996,-71.086999,EAT,2022-07-20 18:15:26,2022-07-20 18:22:19,6,0.357113263209536
9.446230701024416e+18,42.361649,-71.09047,42.368085191325775,-71.08275225783046,EAT,2022-07-20 18:18:16,2022-07-20 18:21:08,2,1.062066828538309
4.320225662826084e+18,42.361649,-71.09047,42.367662282225716,-71.09118144841467,EAT,2022-07-20 18:19:23,2022-07-20 18:22:50,3,0.9806366827200572
9.222605711718525e+18,42.366383,-71.091443,42.367797740740826,-71.07976583979179,EAT,2022-07-20 18:19:59,2022-07-20 18:35:36,15,0.8093889552724731
8.688500684776763e+18,42.361649,-71.09047,42.360176467630076,-71.08576965108064,EAT,2022-07-20 18:22:50,2022-07-20 18:26:40,3,0.32852889081086306
1.1503987957481763e+19,42.366383,-71.091443,42.366022824085505,-71.08192419192879,EAT,2022-07-20 18:31:36,2022-07-20 18:46:19,14,0.7627399130547271
1.7581873219955284e+19,42.366383,-71.091443,42.367536,-71.080956,EAT,2022-07-20 18:34:12,2022-07-20 18:36:31,2,0.7667328932099841
1.61013985653874e+19,42.362666,-71.08399399999999,42.366153000000004,-71.092508,EAT,2022-07-20 18:35:00,2022-07-20 18:35:36,0,0.031315267756948005
1.2755674147316548e+19,42.363147999999995,-71.093133,42.3639,-71.088132,EAT,2022-07-20 18:37:49,2022-07-20 18:39:09,1,0.40073295379927104
2.1322013843265812e+18,42.360213,-71.085994,42.362077,-71.08483299999999,EAT,2022-07-20 18:37:50,2022-07-20 18:40:46,2,0.15219496518255998
3.396067845783868e+18,42.366383,-71.091443,42.3628,-71.08661500000001,EAT,2022-07-20 18:38:12,2022-07-20 18:48:29,10,0.533236915578417
4.366690256496505e+18,42.361649,-71.09047,42.360217,-71.093716,EAT,2022-07-20 18:51:00,2022-07-20 18:52:53,1,0.08735009690779601
1.499888542580136e+19,42.361649,-71.09047,42.362686,-71.085348,EAT,2022-07-20 18:52:35,2022-07-20 19:00:33,7,0.405504743891051
1.7928470281329398e+19,42.363147999999995,-71.093133,42.363462,-71.08755,EAT,2022-07-20 18:54:00,2022-07-20 18:54:05,0,0.004489659253239999
1.1975912110441505e+19,42.364393,-71.08209699999999,42.366022824085505,-71.08192419192879,EAT,2022-07-20 18:54:08,2022-07-20 18:59:16,5,0.26642533951519703
1.8624007379796603e+18,42.361649,-71.09047,42.36092,-71.083662,EAT,2022-07-20 18:57:31,2022-07-20 18:59:11,1,0.08321508530023301
1.493266378196939e+19,42.364393,-71.08209699999999,42.367536,-71.080956,EAT,2022-07-20 18:58:00,2022-07-20 18:58:00,0,0.0
1.4967528555264164e+19,42.364393,-71.08209699999999,42.362651899999996,-71.07894559999998,EAT,2022-07-20 18:58:49,2022-07-20 19:03:16,4,0.230553519102884
1.4347097994701224e+19,42.363147999999995,-71.093133,42.362934,-71.082109,EAT,2022-07-20 18:59:16,2022-07-20 19:01:54,2,0.8690402418938051
2.804352703046338e+18,42.366383,-71.091443,42.362787,-71.083525,EAT,2022-07-20 18:59:58,2022-07-20 19:02:22,2,0.62019187366543
8.71146584338095e+18,42.363372999999996,-71.081453,42.362077,-71.08483299999999,EAT,2022-07-20 19:00:07,2022-07-20 19:03:43,3,1.5461964028708148
1.028757141407738e+18,42.366383,-71.091443,42.368065,-71.07774599999999,EAT,2022-07-20 19:01:05,2022-07-20 19:25:41,24,1.274630275531482
3.4059566432791337e+18,42.366383,-71.091443,42.368493,-71.077725,EAT,2022-07-20 19:01:05,2022-07-20 19:03:22,2,0.9869824226824612
6.717438698193306e+17,42.366383,-71.091443,42.362077,-71.08483299999999,EAT,2022-07-20 19:01:32,2022-07-20 19:06:55,5,1.875401693596766
6.372217014070512e+18,42.366383,-71.091443,42.363053,-71.086022,EAT,2022-07-20 19:03:13,2022-07-20 19:11:15,8,0.416034262022871
5.505157188845505e+18,42.363372999999996,-71.081453,42.3643,-71.079199,EAT,2022-07-20 19:03:57,2022-07-20 19:10:56,6,0.361735066641435
8.226306953941143e+18,42.368071,-71.093378,42.363053,-71.086022,EAT,2022-07-20 19:04:38,2022-07-20 19:13:26,8,0.45577065753199897
9.697906626233405e+18,42.363372999999996,-71.081453,42.359190999999996,-71.093366,EAT,2022-07-20 19:04:48,2022-07-20 19:08:56,4,2.04329876873193
1.1165655801036626e+19,42.366383,-71.091443,42.3639,-71.088132,EAT,2022-07-20 19:19:07,2022-07-20 19:20:06,0,0.23641333638769704
7.186835267313972e+18,42.363372999999996,-71.081453,42.363218852024886,-71.0876848536742,EAT,2022-07-20 19:19:21,2022-07-20 19:20:53,1,0.49371964210161207
4.86889838414184e+18,42.368071,-71.093378,42.365952,-71.082562,EAT,2022-07-20 19:22:40,2022-07-20 19:24:42,2,0.5715978264650391
1.6212958551764627e+19,42.363372999999996,-71.081453,42.366022824085505,-71.08192419192879,EAT,2022-07-20 19:23:23,2022-07-20 19:23:59,0,0.21193223789311905
4.321451118959125e+18,42.368071,-71.093378,42.36467240318265,-71.08384421052558,EAT,2022-07-20 19:25:56,2022-07-20 19:28:08,2,0.6623399659014161
3.4416460389592177e+18,42.361317,-71.085981,42.360623,-71.08743,EAT,2022-07-20 19:30:11,2022-07-20 19:31:53,1,0.08860787214428399
6.767052334532732e+18,42.359126,-71.092975,42.36722312472629,-71.09475901105968,EAT,2022-07-20 19:40:19,2022-07-20 19:52:18,11,0.6158757795434281
7.20797039120289e+18,42.363058,-71.092456,42.363053,-71.086022,EAT,2022-07-20 19:43:25,2022-07-20 19:56:40,13,0.6864400001202731
1.633114867232015e+19,42.363058,-71.092456,42.36092,-71.083662,EAT,2022-07-20 19:49:10,2022-07-20 19:59:53,10,0.5550242126498629
1.7216802482222178e+19,42.363372999999996,-71.081453,42.3662424124032,-71.07850063191331,EAT,2022-07-20 19:52:11,2022-07-20 19:53:06,0,0.048154581621329996
1.5351345881527587e+19,42.363372999999996,-71.081453,42.362934,-71.082109,EAT,2022-07-20 19:53:04,2022-07-20 19:55:49,2,0.14267179605588198
1.4489232692513757e+19,42.366383,-71.091443,42.365691,-71.092708,EAT,2022-07-20 19:54:09,2022-07-20 19:57:04,2,0.151616010409686
7.536234588149641e+18,42.363372999999996,-71.081453,42.365175,-71.080664,EAT,2022-07-20 19:56:03,2022-07-20 19:58:15,2,0.114468180477246
1.265685409152609e+19,42.363058,-71.092456,42.368065,-71.07774599999999,EAT,2022-07-20 19:56:39,2022-07-20 19:59:19,2,1.042057233511702
1.6999992656888877e+19,42.363147999999995,-71.093133,42.366355,-71.094301,EAT,2022-07-20 19:59:38,2022-07-20 20:00:10,0,0.027976120535337004
1.7934234209413474e+19,42.360684,-71.086093,42.360217,-71.093716,EAT,2022-07-20 20:07:45,2022-07-20 20:17:14,9,0.4873070446325981
8.017924779561972e+18,42.363323,-71.08247,42.367721,-71.085187,EAT,2022-07-20 20:13:28,2022-07-20 20:23:32,10,0.521572699371687
8.664530471451974e+17,42.360684,-71.086093,42.3628,-71.08661500000001,EAT,2022-07-20 20:15:02,2022-07-20 20:17:08,2,0.108806888010018
1.4124925391157953e+19,42.360684,-71.086093,42.361889,-71.090546,EAT,2022-07-20 20:22:09,2022-07-20 20:26:47,4,0.234944661070857
3.426567239575706e+18,42.363323,-71.08247,42.368065,-71.07774599999999,EAT,2022-07-20 20:22:12,2022-07-20 20:24:09,1,0.101625256669181
5.1746077536640506e+17,42.360684,-71.086093,42.362891999999995,-71.088942,EAT,2022-07-20 20:26:28,2022-07-20 20:29:29,3,0.15650237107082102
4.333849692560092e+18,42.360684,-71.086093,42.362686,-71.085348,EAT,2022-07-20 20:27:51,2022-07-20 20:31:43,3,0.201042808340836
9.32927853134819e+17,42.363058,-71.092456,42.362696,-71.08536600000001,EAT,2022-07-20 20:28:44,2022-07-20 20:31:34,2,0.147373724849498
6.260739552235912e+18,42.362666,-71.08399399999999,42.36520517268618,-71.09263437418736,EAT,2022-07-20 20:31:23,2022-07-20 20:31:36,0,0.011289809421992002
5.307214811427491e+18,42.363101,-71.08785400000001,42.363462,-71.08755,EAT,2022-07-20 20:34:05,2022-07-20 20:34:25,0,0.017277846406696003
1.6962980715206783e+19,42.366383,-71.091443,42.363053,-71.086022,EAT,2022-07-20 20:40:05,2022-07-20 20:42:22,2,0.6211263716516451
8.957253548164771e+18,42.363058,-71.092456,42.363053,-71.086022,EAT,2022-07-20 20:40:05,2022-07-20 20:53:53,13,0.7146945157218111
1.1693252428641628e+19,42.366383,-71.091443,42.363053,-71.086022,EAT,2022-07-20 20:40:05,2022-07-20 20:51:06,11,0.570910276500035
7.847091801926045e+18,42.366383,-71.091443,42.36864,-71.090018,EAT,2022-07-20 20:41:50,2022-07-20 20:43:40,1,0.09563378529642999
1.0104508701461058e+19,42.363323,-71.08247,42.36355379999999,-71.08165799999999,EAT,2022-07-20 20:44:00,2022-07-20 20:51:18,7,0.378437797895391
1.5400137185847833e+19,42.360684,-71.086093,42.359190999999996,-71.093366,EAT,2022-07-20 20:44:24,2022-07-20 20:44:24,0,0.0
7.113591540973785e+18,42.363101,-71.08785400000001,42.363479999999996,-71.086999,EAT,2022-07-20 20:46:32,2022-07-20 20:49:57,3,0.17771523735584402
4.957123176835384e+18,42.363101,-71.08785400000001,42.36605895734478,-71.094093738265,EAT,2022-07-20 20:47:05,2022-07-20 20:47:26,0,0.018480954356459998
2.406353878656036e+18,42.363058,-71.092456,42.363479999999996,-71.086999,EAT,2022-07-20 20:48:51,2022-07-20 20:50:05,1,0.06439066347691699
1.5140100491476167e+19,42.363058,-71.092456,42.362077,-71.08483299999999,EAT,2022-07-20 20:49:18,2022-07-20 20:51:02,1,0.090310121569233
2.7999420945686385e+18,42.366383,-71.091443,42.365579,-71.09008,EAT,2022-07-20 20:49:34,2022-07-20 20:50:29,0,0.047867140963527996
1.6926966833902596e+19,42.363058,-71.092456,42.367362,-71.080021,EAT,2022-07-20 20:49:44,2022-07-20 21:03:51,14,0.731756579674235
1.4907016087809309e+19,42.365244,-71.08233299999999,42.364388,-71.081027,EAT,2022-07-20 20:55:00,2022-07-20 20:56:59,1,0.103297234549207
8.017392901386178e+18,42.360684,-71.086093,42.359190999999996,-71.093366,EAT,2022-07-20 20:57:45,2022-07-20 21:00:29,2,0.14090220723003902
1.145852722076215e+19,42.36853,-71.079323,42.362934,-71.082109,EAT,2022-07-20 21:05:48,2022-07-20 21:07:55,2,0.11000068457517699
7.492579287024017e+18,42.366428000000006,-71.094095,42.366289,-71.095569,EAT,2022-07-20 21:09:11,2022-07-20 21:13:45,4,0.23729538692361898
1.069789318537486e+19,42.36853,-71.079323,42.364391,-71.08345600000001,EAT,2022-07-20 21:11:19,2022-07-20 21:11:19,0,0.0
1.259396415209493e+19,42.366428000000006,-71.094095,42.363218852024886,-71.0876848536742,EAT,2022-07-20 21:17:31,2022-07-20 21:19:42,2,0.11328943479213
1.5771868176750887e+19,42.366428000000006,-71.094095,42.360623,-71.08743,EAT,2022-07-20 21:18:58,2022-07-20 21:21:00,2,0.10544151736238
1.1136335130987377e+19,42.36853,-71.079323,42.362934,-71.082109,EAT,2022-07-20 21:20:58,2022-07-20 21:22:43,1,0.0912478824897
1.608697711330763e+19,42.36853,-71.079323,42.363218852024886,-71.0876848536742,EAT,2022-07-20 21:20:58,2022-07-20 21:22:04,1,0.402493327112056
4.597848176533876e+18,42.366428000000006,-71.094095,42.364891,-71.088978,EAT,2022-07-20 21:23:08,2022-07-20 21:23:09,0,0.00168086404767
1.4486504679992455e+19,42.361649,-71.09047,42.358503000000006,-71.087787,EAT,2022-07-20 21:23:32,2022-07-20 21:29:57,6,0.324599516270063
1.7700064056094255e+19,42.36853,-71.079323,42.364441,-71.079598,EAT,2022-07-20 21:30:31,2022-07-20 21:33:46,3,0.16906620802093902
1.4125103842624784e+19,42.366428000000006,-71.094095,42.362934,-71.082109,EAT,2022-07-20 21:32:20,2022-07-20 21:46:36,14,0.73906498186169
1.6741130375890608e+19,42.366646,-71.086437,42.367452,-71.08688199999999,EAT,2022-07-20 21:32:33,2022-07-20 21:33:45,1,0.06274872712684701
3.786030523002588e+18,42.36853,-71.079323,42.362934,-71.082109,EAT,2022-07-20 21:33:52,2022-07-20 21:34:39,0,0.032735893627582
1.716590850236083e+19,42.366428000000006,-71.094095,42.366153000000004,-71.092508,EAT,2022-07-20 21:34:58,2022-07-20 21:35:50,0,0.045368486734321006
2.913126050872171e+18,42.366383,-71.091443,42.366037,-71.093447,EAT,2022-07-20 21:37:25,2022-07-20 21:37:28,0,0.0031188538303990004
1.014337121317126e+19,42.36853,-71.079323,42.362702,-71.085364,EAT,2022-07-20 21:41:25,2022-07-20 21:46:24,4,2.137173942159261
1.8313940556229882e+19,42.366428000000006,-71.094095,42.36205,-71.084711,EAT,2022-07-20 21:41:40,2022-07-20 21:42:37,0,0.049341225463319996
1.7980957604647692e+19,42.366428000000006,-71.094095,42.36606805302007,-71.09466904653479,EAT,2022-07-20 21:42:03,2022-07-20 21:48:09,6,0.316008811066257
1.2114642674387075e+19,42.366428000000006,-71.094095,42.363218852024886,-71.0876848536742,EAT,2022-07-20 21:43:13,2022-07-20 21:43:13,0,0.0
5.226566680453079e+18,42.36853,-71.079323,42.362934,-71.082109,EAT,2022-07-20 21:43:47,2022-07-20 21:45:16,1,0.07697840460858199
1.7762641102385875e+19,42.366383,-71.091443,42.366037,-71.093447,EAT,2022-07-20 21:46:34,2022-07-20 21:47:54,1,0.069107919818871
1.0619389673010223e+19,42.361649,-71.09047,42.360176467630076,-71.08576965108064,EAT,2022-07-20 22:04:24,2022-07-20 22:09:15,4,0.25140805051686305
1.551005131128138e+19,42.363058,-71.092456,42.363462,-71.08755,EAT,2022-07-20 22:04:52,2022-07-20 22:08:09,3,0.17074102456092902
1.1819887106205637e+18,42.366383,-71.091443,42.366037,-71.093447,EAT,2022-07-20 22:10:09,2022-07-20 22:10:09,0,0.0
7.849649823153704e+17,42.367536,-71.080956,42.365952,-71.082562,EAT,2022-07-20 22:16:45,2022-07-20 22:18:12,1,0.07531158227589799
5.622341927041875e+18,42.361649,-71.09047,42.362702,-71.085364,EAT,2022-07-20 22:17:09,2022-07-20 22:24:30,7,0.379342946448921
2.117953880142319e+17,42.367536,-71.080956,42.3662424124032,-71.07850063191331,EAT,2022-07-20 22:19:48,2022-07-20 22:20:38,0,0.043385850670379006
2.0892058257850516e+18,42.363058,-71.092456,42.363218852024886,-71.0876848536742,EAT,2022-07-20 22:21:26,2022-07-20 22:21:26,0,0.0
1.1617751284571648e+19,42.365031,-71.092656,42.365972,-71.092941,EAT,2022-07-20 22:24:44,2022-07-20 22:27:02,2,0.11981477431640103
1.788342658735505e+19,42.366383,-71.091443,42.368621000000005,-71.08994200000001,EAT,2022-07-20 22:33:12,2022-07-20 22:33:16,0,0.003729223981605
4.921229227670243e+18,42.36615,-71.090746,42.366037,-71.093447,EAT,2022-07-20 22:45:46,2022-07-20 22:47:13,1,0.075835062566233
