tripduration,starttime,stoptime,start station id,start station name,start station latitude,start station longitude,end station id,end station name,end station latitude,end station longitude,bikeid,usertype,birth year,gender,start_building,start_lon,start_lat,target_building,target_lon,target_lat,start_time,target_time
524,11:23.0,20:07.0,90,Lechmere Station at Cambridge St / First St,42.370677,-71.076529,67,MIT at Mass Ave / Amherst St,42.3581,-71.093198,3768,Subscriber,1993,2,11183,-71.079357,42.37191955,41556,-71.09580711,42.35668294,20590,21114
376,08:45.0,15:01.0,185,Third at Binney,42.36544486,-71.08277142,67,MIT at Mass Ave / Amherst St,42.3581,-71.093198,5580,Subscriber,1991,1,125866,-71.08248724,42.36771277,201808,-71.09201715,42.35968325,21110,21486
279,41:27.0,46:06.0,189,Kendall T,42.36242784,-71.08495474,67,MIT at Mass Ave / Amherst St,42.3581,-71.093198,4119,Subscriber,1992,1,259920,-71.08765373,42.36325299,201811,-71.09044938,42.35955835,23017,23297
208,45:16.0,48:44.0,189,Kendall T,42.36242784,-71.08495474,398,75 Binney St,42.36550729,-71.0801376,6138,Subscriber,1980,1,245876,-71.08779438,42.36178042,257860,-71.07915297,42.36489464,23735,23943
505,14:12.0,22:37.0,90,Lechmere Station at Cambridge St / First St,42.370677,-71.076529,91,One Kendall Square at Hampshire St / Portland St,42.366277,-71.09169,2613,Subscriber,1974,2,65879,-71.07948631,42.37195564,20728,-71.09163956,42.36840521,23900,24405
374,03:42.0,09:56.0,413,Kennedy-Longfellow School 158 Spring St,42.36955298,-71.08579015,80,MIT Stata Center at Vassar St / Main St,42.36213123,-71.09115601,4457,Subscriber,1991,2,184729,-71.08436249,42.37003689,28707,-71.09415183,42.36077089,24103,24477
672,00:21.0,11:33.0,189,Kendall T,42.36242784,-71.08495474,107,Ames St at Main St,42.3625,-71.08822,5373,Subscriber,1962,1,257061,-71.08295715,42.3640637,153926,-71.08876884,42.36494749,25032,25705
420,52:09.0,59:09.0,437,Berkshire Street at Cambridge Street,42.37207658,-71.08995434,189,Kendall T,42.36242784,-71.08495474,5572,Subscriber,1997,1,181166,-71.0878597,42.37321755,259917,-71.08583953,42.36188829,25086,25506
234,26:58.0,30:52.0,189,Kendall T,42.36242784,-71.08495474,67,MIT at Mass Ave / Amherst St,42.3581,-71.093198,2710,Subscriber,1991,1,259922,-71.0828517,42.36351583,201812,-71.09086412,42.36000028,25186,25420
448,12:59.0,20:27.0,437,Berkshire Street at Cambridge Street,42.37207658,-71.08995434,318,Ames St at Broadway,42.3636929,-71.0875672,2326,Customer,1969,0,137694,-71.08862906,42.37309397,202091,-71.08926099,42.36230362,25633,26082
237,38:26.0,42:23.0,318,Ames St at Broadway,42.3636929,-71.0875672,398,75 Binney St,42.36550729,-71.0801376,5795,Subscriber,1965,1,258221,-71.08623358,42.36270448,203471,-71.08042853,42.36366982,25921,26158
294,54:21.0,59:15.0,67,MIT at Mass Ave / Amherst St,42.3581,-71.093198,185,Third at Binney,42.36544486,-71.08277142,4936,Subscriber,1991,1,124538,-71.09508725,42.35692037,182848,-71.0827986,42.36802902,26046,26341
264,06:39.0,11:03.0,413,Kennedy-Longfellow School 158 Spring St,42.36955298,-71.08579015,107,Ames St at Main St,42.3625,-71.08822,5233,Subscriber,1993,1,225432,-71.08437962,42.37056867,259924,-71.08839543,42.36347756,26089,26354
277,48:56.0,53:33.0,189,Kendall T,42.36242784,-71.08495474,91,One Kendall Square at Hampshire St / Portland St,42.366277,-71.09169,5229,Subscriber,1992,1,259919,-71.08550816,42.36192178,28861,-71.09350316,42.36746475,26170,26447
286,55:56.0,00:42.0,413,Kennedy-Longfellow School 158 Spring St,42.36955298,-71.08579015,107,Ames St at Main St,42.3625,-71.08822,2251,Subscriber,1966,1,20730,-71.08367518,42.36834552,259928,-71.08703295,42.36499122,26887,27174
304,32:56.0,38:00.0,67,MIT at Mass Ave / Amherst St,42.3581,-71.093198,318,Ames St at Broadway,42.3636929,-71.0875672,5580,Subscriber,1957,2,41556,-71.09580711,42.35668294,153300,-71.08472255,42.36206325,27531,27835
220,13:21.0,17:01.0,107,Ames St at Main St,42.3625,-71.08822,67,MIT at Mass Ave / Amherst St,42.3581,-71.093198,2251,Subscriber,1997,1,153300,-71.08472255,42.36206325,41556,-71.09580711,42.35668294,27542,27762
274,06:26.0,11:00.0,185,Third at Binney,42.36544486,-71.08277142,107,Ames St at Main St,42.3625,-71.08822,4784,Subscriber,1986,1,257515,-71.0808838,42.36514465,259924,-71.08839543,42.36347756,27908,28183
376,46:16.0,52:32.0,67,MIT at Mass Ave / Amherst St,42.3581,-71.093198,228,One Memorial Drive,42.36161932,-71.08043551,3515,Subscriber,1990,2,201825,-71.0935271,42.36011991,224974,-71.08321662,42.36143689,27999,28375
398,33:22.0,40:00.0,189,Kendall T,42.36242784,-71.08495474,144,Rogers St & Land Blvd,42.36575798,-71.07699394,2292,Subscriber,1987,1,156596,-71.08589755,42.36456688,257860,-71.07915297,42.36489464,28054,28453
304,21:28.0,26:32.0,91,One Kendall Square at Hampshire St / Portland St,42.366277,-71.09169,189,Kendall T,42.36242784,-71.08495474,6065,Subscriber,1992,1,65999,-71.09194602,42.36866711,203467,-71.08197325,42.36345317,28279,28584
150,20:14.0,22:44.0,398,75 Binney St,42.36550729,-71.0801376,117,Binney St / Sixth St,42.36608797,-71.08633604,5989,Subscriber,1974,2,184096,-71.08108718,42.36799091,128198,-71.08374094,42.36496042,28583,28734
356,25:54.0,31:50.0,189,Kendall T,42.36242784,-71.08495474,91,One Kendall Square at Hampshire St / Portland St,42.366277,-71.09169,6065,Subscriber,1977,1,203988,-71.08749692,42.36175463,258229,-71.09068905,42.36703951,28739,29095
371,14:26.0,20:37.0,189,Kendall T,42.36242784,-71.08495474,84,CambridgeSide Galleria - CambridgeSide PL at Land Blvd,42.366981,-71.076472,2544,Subscriber,1977,1,259917,-71.08583953,42.36188829,20738,-71.07942175,42.36804826,28762,29134
158,52:45.0,55:23.0,185,Third at Binney,42.36544486,-71.08277142,189,Kendall T,42.36242784,-71.08495474,4664,Subscriber,1992,1,203475,-71.08513341,42.36435134,203986,-71.08733726,42.36046472,28897,29056
311,55:44.0,00:55.0,90,Lechmere Station at Cambridge St / First St,42.370677,-71.076529,398,75 Binney St,42.36550729,-71.0801376,5866,Subscriber,1989,2,135141,-71.07862802,42.36987963,203466,-71.0812325,42.36473335,28980,29291
212,12:25.0,15:57.0,91,One Kendall Square at Hampshire St / Portland St,42.366277,-71.09169,189,Kendall T,42.36242784,-71.08495474,5446,Subscriber,1991,1,51961,-71.09298949,42.36473294,4332,-71.08353677,42.36120873,29279,29492
293,33:51.0,38:44.0,318,Ames St at Broadway,42.3636929,-71.0875672,398,75 Binney St,42.36550729,-71.0801376,3551,Subscriber,1962,1,202846,-71.08667725,42.36321684,246696,-71.07926623,42.36430443,29365,29659
375,22:04.0,28:19.0,413,Kennedy-Longfellow School 158 Spring St,42.36955298,-71.08579015,80,MIT Stata Center at Vassar St / Main St,42.36213123,-71.09115601,2825,Subscriber,1992,1,184103,-71.08513989,42.36945704,259936,-71.09449747,42.361092,29548,29923
469,26:01.0,33:50.0,67,MIT at Mass Ave / Amherst St,42.3581,-71.093198,117,Binney St / Sixth St,42.36608797,-71.08633604,5035,Subscriber,2000,1,201807,-71.09291774,42.35871045,153493,-71.08987465,42.36646575,29680,30149
512,20:03.0,28:35.0,413,Kennedy-Longfellow School 158 Spring St,42.36955298,-71.08579015,437,Berkshire Street at Cambridge Street,42.37207658,-71.08995434,2093,Subscriber,1984,1,20730,-71.08367518,42.36834552,184681,-71.09254888,42.37164898,29809,30321
267,23:58.0,28:25.0,91,One Kendall Square at Hampshire St / Portland St,42.366277,-71.09169,189,Kendall T,42.36242784,-71.08495474,3130,Subscriber,1988,1,11391,-71.0934081,42.36828698,259920,-71.08765373,42.36325299,29867,30134
454,22:24.0,29:58.0,189,Kendall T,42.36242784,-71.08495474,84,CambridgeSide Galleria - CambridgeSide PL at Land Blvd,42.366981,-71.076472,4664,Subscriber,1974,1,50515,-71.08726449,42.36220002,190622,-71.0789125,42.36707225,29971,30425
302,51:53.0,56:55.0,91,One Kendall Square at Hampshire St / Portland St,42.366277,-71.09169,189,Kendall T,42.36242784,-71.08495474,3887,Subscriber,1992,1,103004,-71.09127079,42.36847077,225269,-71.08435148,42.36380294,30123,30425
286,39:32.0,44:18.0,107,Ames St at Main St,42.3625,-71.08822,185,Third at Binney,42.36544486,-71.08277142,3748,Subscriber,1957,2,201822,-71.08985732,42.36070516,20736,-71.08317366,42.36806962,30355,30642
482,01:17.0,09:19.0,437,Berkshire Street at Cambridge Street,42.37207658,-71.08995434,189,Kendall T,42.36242784,-71.08495474,4359,Subscriber,1988,0,11055,-71.08931999,42.37350892,259921,-71.08463183,42.36170904,30363,30845
810,58:29.0,11:59.0,437,Berkshire Street at Cambridge Street,42.37207658,-71.08995434,67,MIT at Mass Ave / Amherst St,42.3581,-71.093198,2093,Subscriber,1984,1,11223,-71.08927898,42.37145564,201804,-71.09277125,42.35952966,30411,31222
187,23:54.0,27:01.0,189,Kendall T,42.36242784,-71.08495474,91,One Kendall Square at Hampshire St / Portland St,42.366277,-71.09169,4896,Subscriber,1995,1,203474,-71.08617738,42.36479214,183306,-71.09292919,42.36802393,30418,30605
227,56:31.0,00:18.0,67,MIT at Mass Ave / Amherst St,42.3581,-71.093198,107,Ames St at Main St,42.3625,-71.08822,5437,Subscriber,1995,1,4324,-71.09505494,42.35814262,259928,-71.08703295,42.36499122,30571,30798
347,22:32.0,28:19.0,413,Kennedy-Longfellow School 158 Spring St,42.36955298,-71.08579015,228,One Memorial Drive,42.36161932,-71.08043551,3978,Subscriber,1995,1,102218,-71.08352942,42.36896571,203469,-71.0809096,42.36389212,30602,30949
320,33:59.0,39:19.0,413,Kennedy-Longfellow School 158 Spring St,42.36955298,-71.08579015,107,Ames St at Main St,42.3625,-71.08822,3128,Subscriber,1996,1,24631,-71.08615428,42.36727305,153300,-71.08472255,42.36206325,30732,31053
224,54:07.0,57:51.0,107,Ames St at Main St,42.3625,-71.08822,67,MIT at Mass Ave / Amherst St,42.3581,-71.093198,5307,Subscriber,1942,1,69953,-71.08937202,42.36342991,124538,-71.09508725,42.35692037,30732,30957
460,41:15.0,48:55.0,84,CambridgeSide Galleria - CambridgeSide PL at Land Blvd,42.366981,-71.076472,107,Ames St at Main St,42.3625,-71.08822,3989,Subscriber,1981,1,225629,-71.07820815,42.36702325,4340,-71.08813757,42.36040837,30842,31303
557,14:28.0,23:45.0,90,Lechmere Station at Cambridge St / First St,42.370677,-71.076529,91,One Kendall Square at Hampshire St / Portland St,42.366277,-71.09169,3577,Customer,1991,1,92072,-71.07938385,42.37213335,41312,-71.09365711,42.36731188,31057,31614
300,12:08.0,17:08.0,437,Berkshire Street at Cambridge Street,42.37207658,-71.08995434,90,Lechmere Station at Cambridge St / First St,42.370677,-71.076529,2468,Subscriber,1996,2,134472,-71.08938704,42.37095256,259415,-71.07452037,42.37258231,31091,31392
95,16:16.0,17:51.0,189,Kendall T,42.36242784,-71.08495474,107,Ames St at Main St,42.3625,-71.08822,5794,Subscriber,1992,1,4330,-71.08450278,42.3605652,4347,-71.09057153,42.36162,31214,31310
437,46:45.0,54:02.0,413,Kennedy-Longfellow School 158 Spring St,42.36955298,-71.08579015,107,Ames St at Main St,42.3625,-71.08822,4453,Subscriber,1987,1,91876,-71.08498457,42.37142041,144549,-71.09159435,42.36336144,31292,31730
173,28:28.0,31:21.0,67,MIT at Mass Ave / Amherst St,42.3581,-71.093198,107,Ames St at Main St,42.3625,-71.08822,5307,Subscriber,1997,1,124538,-71.09508725,42.35692037,203985,-71.08662682,42.36103454,31419,31593
479,11:10.0,19:09.0,90,Lechmere Station at Cambridge St / First St,42.370677,-71.076529,91,One Kendall Square at Hampshire St / Portland St,42.366277,-71.09169,2632,Customer,1996,1,102889,-71.07963885,42.37123489,11368,-71.09061963,42.3687854,31428,31908
167,29:10.0,31:57.0,91,One Kendall Square at Hampshire St / Portland St,42.366277,-71.09169,80,MIT Stata Center at Vassar St / Main St,42.36213123,-71.09115601,5382,Subscriber,1967,1,65996,-71.09084879,42.36875613,69953,-71.08937202,42.36342991,31615,31782
340,22:01.0,27:41.0,67,MIT at Mass Ave / Amherst St,42.3581,-71.093198,91,One Kendall Square at Hampshire St / Portland St,42.366277,-71.09169,2251,Subscriber,1993,1,4364,-71.09573896,42.35871975,103025,-71.09356153,42.3679685,31619,31959
373,59:05.0,05:18.0,413,Kennedy-Longfellow School 158 Spring St,42.36955298,-71.08579015,107,Ames St at Main St,42.3625,-71.08822,5592,Subscriber,1991,2,101600,-71.08373575,42.3699815,246685,-71.09053915,42.363431,31665,32038
155,44:20.0,46:55.0,90,Lechmere Station at Cambridge St / First St,42.370677,-71.076529,84,CambridgeSide Galleria - CambridgeSide PL at Land Blvd,42.366981,-71.076472,2052,Subscriber,1963,1,225286,-71.0795231,42.3696577,20738,-71.07942175,42.36804826,31736,31891
390,13:35.0,20:05.0,141,Kendall Street,42.36356016,-71.08216792,107,Ames St at Main St,42.3625,-71.08822,5252,Subscriber,1979,1,259921,-71.08463183,42.36170904,245877,-71.08795597,42.36214776,31795,32186
335,47:58.0,53:33.0,413,Kennedy-Longfellow School 158 Spring St,42.36955298,-71.08579015,228,One Memorial Drive,42.36161932,-71.08043551,5679,Subscriber,1994,1,20645,-71.08554954,42.37019389,259925,-71.08339796,42.36310196,31808,32143
297,56:19.0,01:16.0,398,75 Binney St,42.36550729,-71.0801376,107,Ames St at Main St,42.3625,-71.08822,5937,Subscriber,1995,1,203468,-71.08062887,42.3644804,4320,-71.09164183,42.3623479,31822,32119
438,59:01.0,06:19.0,189,Kendall T,42.36242784,-71.08495474,90,Lechmere Station at Cambridge St / First St,42.370677,-71.076529,4915,Subscriber,1968,1,4330,-71.08450278,42.3605652,20564,-71.07943052,42.37203505,31982,32420
293,54:42.0,59:35.0,413,Kennedy-Longfellow School 158 Spring St,42.36955298,-71.08579015,107,Ames St at Main St,42.3625,-71.08822,2457,Subscriber,1967,1,184328,-71.08422132,42.36960725,69952,-71.08810427,42.36388695,32010,32303
255,47:57.0,52:12.0,67,MIT at Mass Ave / Amherst St,42.3581,-71.093198,107,Ames St at Main St,42.3625,-71.08822,3716,Subscriber,2000,1,201826,-71.09403266,42.36038414,259920,-71.08765373,42.36325299,32251,32507
196,38:10.0,41:26.0,117,Binney St / Sixth St,42.36608797,-71.08633604,107,Ames St at Main St,42.3625,-71.08822,5226,Subscriber,1997,1,136728,-71.08518796,42.36831384,201823,-71.09013443,42.3611579,32278,32475
510,38:45.0,47:15.0,67,MIT at Mass Ave / Amherst St,42.3581,-71.093198,189,Kendall T,42.36242784,-71.08495474,2889,Subscriber,2001,1,4323,-71.09477063,42.35904934,245877,-71.08795597,42.36214776,32322,32833
248,17:29.0,21:37.0,67,MIT at Mass Ave / Amherst St,42.3581,-71.093198,107,Ames St at Main St,42.3625,-71.08822,2901,Subscriber,1992,1,201812,-71.09086412,42.36000028,4322,-71.08934074,42.36031884,32400,32649
304,05:34.0,10:38.0,437,Berkshire Street at Cambridge Street,42.37207658,-71.08995434,107,Ames St at Main St,42.3625,-71.08822,4194,Subscriber,1992,1,185257,-71.0902567,42.36966635,4342,-71.08862548,42.36164777,32498,32802
289,38:33.0,43:22.0,413,Kennedy-Longfellow School 158 Spring St,42.36955298,-71.08579015,107,Ames St at Main St,42.3625,-71.08822,5994,Subscriber,1988,1,102917,-71.08389341,42.37066753,125217,-71.08902574,42.36428884,32556,32845
185,39:34.0,42:39.0,437,Berkshire Street at Cambridge Street,42.37207658,-71.08995434,91,One Kendall Square at Hampshire St / Portland St,42.366277,-71.09169,3693,Subscriber,1996,2,136719,-71.09021005,42.3693943,53575,-71.09324213,42.36428678,32622,32807
190,09:56.0,13:06.0,67,MIT at Mass Ave / Amherst St,42.3581,-71.093198,107,Ames St at Main St,42.3625,-71.08822,3226,Subscriber,2000,2,221,-71.09442546,42.35717456,187323,-71.0852497,42.36268232,32677,32867
284,05:40.0,10:24.0,437,Berkshire Street at Cambridge Street,42.37207658,-71.08995434,117,Binney St / Sixth St,42.36608797,-71.08633604,2118,Subscriber,1991,2,20663,-71.09001002,42.36985033,136728,-71.08518796,42.36831384,32801,33086
275,36:58.0,41:33.0,185,Third at Binney,42.36544486,-71.08277142,91,One Kendall Square at Hampshire St / Portland St,42.366277,-71.09169,5847,Subscriber,1992,1,20739,-71.08267667,42.36799768,52872,-71.0941032,42.36606242,33111,33387
387,02:00.0,08:27.0,189,Kendall T,42.36242784,-71.08495474,67,MIT at Mass Ave / Amherst St,42.3581,-71.093198,2699,Subscriber,1985,2,4329,-71.08571552,42.360176,201809,-71.09108474,42.35945066,33235,33622
214,11:25.0,14:59.0,67,MIT at Mass Ave / Amherst St,42.3581,-71.093198,107,Ames St at Main St,42.3625,-71.08822,5999,Subscriber,1999,1,201802,-71.09254897,42.35994942,203986,-71.08733726,42.36046472,33259,33474
459,31:40.0,39:19.0,144,Rogers St & Land Blvd,42.36575798,-71.07699394,107,Ames St at Main St,42.3625,-71.08822,2589,Subscriber,1973,2,23667,-71.07818654,42.36639053,69952,-71.08810427,42.36388695,33279,33739
435,48:51.0,56:06.0,437,Berkshire Street at Cambridge Street,42.37207658,-71.08995434,107,Ames St at Main St,42.3625,-71.08822,3206,Subscriber,1992,2,134195,-71.09013021,42.37307273,69970,-71.0886759,42.36022586,33489,33925
232,56:03.0,59:55.0,117,Binney St / Sixth St,42.36608797,-71.08633604,107,Ames St at Main St,42.3625,-71.08822,2118,Subscriber,1996,2,225149,-71.0870465,42.36552715,203987,-71.08763166,42.36084452,33528,33760
327,29:08.0,34:35.0,91,One Kendall Square at Hampshire St / Portland St,42.366277,-71.09169,141,Kendall Street,42.36356016,-71.08216792,5669,Subscriber,1994,1,43838,-71.09195835,42.36477209,28,-71.0814036,42.36390706,33672,34000
544,27:23.0,36:27.0,437,Berkshire Street at Cambridge Street,42.37207658,-71.08995434,141,Kendall Street,42.36356016,-71.08216792,2299,Subscriber,1970,1,65819,-71.09107153,42.3736495,174,-71.08235975,42.36469273,33708,34253
139,46:28.0,48:47.0,117,Binney St / Sixth St,42.36608797,-71.08633604,107,Ames St at Main St,42.3625,-71.08822,4007,Subscriber,1992,1,52844,-71.08328591,42.36621679,69970,-71.0886759,42.36022586,33783,33922
179,44:19.0,47:18.0,72,One Broadway / Kendall Sq at Main St / 3rd St,42.36224179,-71.08311072,107,Ames St at Main St,42.3625,-71.08822,3352,Subscriber,1961,1,203547,-71.08260139,42.36135795,203985,-71.08662682,42.36103454,33798,33978
384,17:02.0,23:26.0,189,Kendall T,42.36242784,-71.08495474,67,MIT at Mass Ave / Amherst St,42.3581,-71.093198,5789,Subscriber,1994,1,259920,-71.08765373,42.36325299,4324,-71.09505494,42.35814262,34026,34411
187,21:19.0,24:26.0,185,Third at Binney,42.36544486,-71.08277142,107,Ames St at Main St,42.3625,-71.08822,4936,Subscriber,1997,1,101983,-71.08189635,42.36791086,203988,-71.08749692,42.36175463,34284,34472
224,29:40.0,33:24.0,189,Kendall T,42.36242784,-71.08495474,91,One Kendall Square at Hampshire St / Portland St,42.366277,-71.09169,3130,Subscriber,1994,1,259920,-71.08765373,42.36325299,127786,-71.09197888,42.36894278,34363,34587
113,58:47.0,00:40.0,189,Kendall T,42.36242784,-71.08495474,107,Ames St at Main St,42.3625,-71.08822,4022,Subscriber,1956,1,100970,-71.08546297,42.36210025,203987,-71.08763166,42.36084452,34432,34546
608,42:41.0,52:49.0,189,Kendall T,42.36242784,-71.08495474,90,Lechmere Station at Cambridge St / First St,42.370677,-71.076529,3290,Subscriber,1994,1,50515,-71.08726449,42.36220002,225639,-71.0787089,42.37179057,34460,35068
285,50:01.0,54:46.0,398,75 Binney St,42.36550729,-71.0801376,91,One Kendall Square at Hampshire St / Portland St,42.366277,-71.09169,6138,Subscriber,1991,1,154705,-71.0801518,42.3649565,103013,-71.09429844,42.36813445,34594,34880
265,24:03.0,28:28.0,67,MIT at Mass Ave / Amherst St,42.3581,-71.093198,107,Ames St at Main St,42.3625,-71.08822,2710,Subscriber,1993,1,201812,-71.09086412,42.36000028,101528,-71.08748081,42.36280808,34743,35008
452,00:30.0,08:02.0,437,Berkshire Street at Cambridge Street,42.37207658,-71.08995434,107,Ames St at Main St,42.3625,-71.08822,2107,Subscriber,1997,1,102863,-71.08873898,42.37200421,259920,-71.08765373,42.36325299,35117,35570
183,42:26.0,45:29.0,91,One Kendall Square at Hampshire St / Portland St,42.366277,-71.09169,80,MIT Stata Center at Vassar St / Main St,42.36213123,-71.09115601,3529,Subscriber,1987,1,44496,-71.09290345,42.36657334,201818,-71.09232853,42.36109989,35285,35468
242,19:28.0,23:30.0,185,Third at Binney,42.36544486,-71.08277142,107,Ames St at Main St,42.3625,-71.08822,3630,Subscriber,1996,1,225198,-71.08482478,42.36580045,203987,-71.08763166,42.36084452,35301,35544
266,26:57.0,31:23.0,80,MIT Stata Center at Vassar St / Main St,42.36213123,-71.09115601,107,Ames St at Main St,42.3625,-71.08822,5012,Subscriber,1989,1,26163,-71.09394509,42.36121602,124885,-71.09067027,42.36242428,35369,35635
215,20:55.0,24:30.0,185,Third at Binney,42.36544486,-71.08277142,107,Ames St at Main St,42.3625,-71.08822,5101,Subscriber,1996,1,225269,-71.08435148,42.36380294,246768,-71.08998606,42.36150932,35479,35695
354,30:04.0,35:58.0,90,Lechmere Station at Cambridge St / First St,42.370677,-71.076529,72,One Broadway / Kendall Sq at Main St / 3rd St,42.36224179,-71.08311072,3420,Subscriber,1992,2,135264,-71.07836968,42.37138944,100937,-71.08234246,42.36236216,35740,36094
331,00:48.0,06:19.0,67,MIT at Mass Ave / Amherst St,42.3581,-71.093198,189,Kendall T,42.36242784,-71.08495474,5444,Subscriber,2001,2,201813,-71.09083126,42.35967648,128198,-71.08374094,42.36496042,35767,36099
327,04:18.0,09:45.0,67,MIT at Mass Ave / Amherst St,42.3581,-71.093198,189,Kendall T,42.36242784,-71.08495474,2833,Subscriber,2001,2,4334,-71.09414158,42.35832148,203547,-71.08260139,42.36135795,35908,36236
370,41:47.0,47:57.0,72,One Broadway / Kendall Sq at Main St / 3rd St,42.36224179,-71.08311072,84,CambridgeSide Galleria - CambridgeSide PL at Land Blvd,42.366981,-71.076472,4921,Subscriber,1985,2,225269,-71.08435148,42.36380294,11354,-71.07814182,42.36903119,35997,36368
325,29:55.0,35:20.0,189,Kendall T,42.36242784,-71.08495474,90,Lechmere Station at Cambridge St / First St,42.370677,-71.076529,3951,Subscriber,1981,1,203984,-71.08692828,42.36167285,180715,-71.07853442,42.37031485,36011,36336
448,57:27.0,04:55.0,84,CambridgeSide Galleria - CambridgeSide PL at Land Blvd,42.366981,-71.076472,107,Ames St at Main St,42.3625,-71.08822,5263,Subscriber,1979,1,153408,-71.07797472,42.36706666,4322,-71.08934074,42.36031884,36181,36629
388,49:08.0,55:36.0,67,MIT at Mass Ave / Amherst St,42.3581,-71.093198,228,One Memorial Drive,42.36161932,-71.08043551,2519,Subscriber,1964,1,4323,-71.09477063,42.35904934,203469,-71.0809096,42.36389212,36182,36570
458,47:25.0,55:03.0,91,One Kendall Square at Hampshire St / Portland St,42.366277,-71.09169,72,One Broadway / Kendall Sq at Main St / 3rd St,42.36224179,-71.08311072,3662,Subscriber,1970,1,45039,-71.09234565,42.36744646,128324,-71.08000641,42.36285998,36222,36680
223,41:32.0,45:15.0,185,Third at Binney,42.36544486,-71.08277142,107,Ames St at Main St,42.3625,-71.08822,5174,Subscriber,1997,1,156674,-71.08349965,42.36706791,246685,-71.09053915,42.363431,36497,36720
314,37:05.0,42:19.0,141,Kendall Street,42.36356016,-71.08216792,80,MIT Stata Center at Vassar St / Main St,42.36213123,-71.09115601,3920,Subscriber,1987,2,153300,-71.08472255,42.36206325,4320,-71.09164183,42.3623479,36633,36948
106,15:10.0,16:56.0,318,Ames St at Broadway,42.3636929,-71.0875672,189,Kendall T,42.36242784,-71.08495474,2789,Subscriber,1970,0,246684,-71.09098619,42.36326769,224974,-71.08321662,42.36143689,36637,36743
100,07:04.0,08:44.0,318,Ames St at Broadway,42.3636929,-71.0875672,189,Kendall T,42.36242784,-71.08495474,2326,Subscriber,1970,0,202175,-71.08865214,42.36359773,45037,-71.08747349,42.36437315,36940,37040
98,28:16.0,29:54.0,318,Ames St at Broadway,42.3636929,-71.0875672,189,Kendall T,42.36242784,-71.08495474,5181,Subscriber,1970,0,203474,-71.08617738,42.36479214,4332,-71.08353677,42.36120873,37196,37294
97,54:16.0,55:53.0,318,Ames St at Broadway,42.3636929,-71.0875672,189,Kendall T,42.36242784,-71.08495474,3756,Subscriber,1970,0,125217,-71.08902574,42.36428884,4330,-71.08450278,42.3605652,37426,37523
249,51:49.0,55:58.0,185,Third at Binney,42.36544486,-71.08277142,107,Ames St at Main St,42.3625,-71.08822,5254,Subscriber,1990,1,203469,-71.0809096,42.36389212,259920,-71.08765373,42.36325299,37531,37781
141,17:44.0,20:05.0,318,Ames St at Broadway,42.3636929,-71.0875672,189,Kendall T,42.36242784,-71.08495474,4268,Subscriber,1970,0,190149,-71.08845472,42.3654104,4330,-71.08450278,42.3605652,37669,37811
230,20:42.0,24:32.0,398,75 Binney St,42.36550729,-71.0801376,318,Ames St at Broadway,42.3636929,-71.0875672,2051,Subscriber,1962,1,187830,-71.07927265,42.36361414,225149,-71.0870465,42.36552715,37780,38010
69,56:36.0,57:45.0,72,One Broadway / Kendall Sq at Main St / 3rd St,42.36224179,-71.08311072,141,Kendall Street,42.36356016,-71.08216792,2291,Subscriber,1970,0,257060,-71.08308255,42.36418165,246696,-71.07926623,42.36430443,37976,38045
66,45:59.0,47:05.0,72,One Broadway / Kendall Sq at Main St / 3rd St,42.36224179,-71.08311072,141,Kendall Street,42.36356016,-71.08216792,2285,Subscriber,1970,0,260667,-71.0815805,42.36302972,257515,-71.0808838,42.36514465,38155,38222
68,24:20.0,25:28.0,72,One Broadway / Kendall Sq at Main St / 3rd St,42.36224179,-71.08311072,141,Kendall Street,42.36356016,-71.08216792,789,Subscriber,1970,0,259917,-71.08583953,42.36188829,203468,-71.08062887,42.3644804,38337,38406
171,28:50.0,31:41.0,318,Ames St at Broadway,42.3636929,-71.0875672,91,One Kendall Square at Hampshire St / Portland St,42.366277,-71.09169,4700,Subscriber,1996,2,203988,-71.08749692,42.36175463,52850,-71.09075464,42.36676762,38379,38551
282,40:04.0,44:46.0,80,MIT Stata Center at Vassar St / Main St,42.36213123,-71.09115601,189,Kendall T,42.36242784,-71.08495474,6027,Subscriber,1997,2,152966,-71.09371104,42.36337264,246356,-71.08160792,42.3623512,38396,38679
271,39:06.0,43:37.0,318,Ames St at Broadway,42.3636929,-71.0875672,398,75 Binney St,42.36550729,-71.0801376,5580,Subscriber,1962,1,259917,-71.08583953,42.36188829,225074,-71.07934407,42.36571397,38496,38768
83,29:38.0,31:01.0,72,One Broadway / Kendall Sq at Main St / 3rd St,42.36224179,-71.08311072,141,Kendall Street,42.36356016,-71.08216792,2685,Subscriber,1970,0,174,-71.08235975,42.36469273,124199,-71.07927723,42.362949,38535,38618
362,22:28.0,28:30.0,398,75 Binney St,42.36550729,-71.0801376,80,MIT Stata Center at Vassar St / Main St,42.36213123,-71.09115601,2281,Subscriber,1983,1,257061,-71.08295715,42.3640637,124885,-71.09067027,42.36242428,38624,38986
502,36:46.0,45:08.0,117,Binney St / Sixth St,42.36608797,-71.08633604,67,MIT at Mass Ave / Amherst St,42.3581,-71.093198,5296,Subscriber,2000,1,202248,-71.08704131,42.36670227,45423,-71.09351742,42.35825592,38715,39217
145,03:36.0,06:01.0,141,Kendall Street,42.36356016,-71.08216792,189,Kendall T,42.36242784,-71.08495474,789,Subscriber,1970,0,225269,-71.08435148,42.36380294,259923,-71.0866881,42.36212664,38813,38959
155,43:41.0,46:16.0,141,Kendall Street,42.36356016,-71.08216792,117,Binney St / Sixth St,42.36608797,-71.08633604,2291,Subscriber,1989,1,257131,-71.08189212,42.36602465,190149,-71.08845472,42.3654104,38929,39084
350,37:27.0,43:17.0,91,One Kendall Square at Hampshire St / Portland St,42.366277,-71.09169,144,Rogers St & Land Blvd,42.36575798,-71.07699394,2221,Subscriber,1982,1,189148,-71.09083272,42.36609193,127059,-71.07599116,42.36573894,39036,39387
101,42:32.0,44:13.0,189,Kendall T,42.36242784,-71.08495474,80,MIT Stata Center at Vassar St / Main St,42.36213123,-71.09115601,4811,Subscriber,1994,1,45037,-71.08747349,42.36437315,201808,-71.09201715,42.35968325,39071,39173
333,35:28.0,41:01.0,67,MIT at Mass Ave / Amherst St,42.3581,-71.093198,107,Ames St at Main St,42.3625,-71.08822,3144,Subscriber,1998,2,45423,-71.09351742,42.35825592,124885,-71.09067027,42.36242428,39334,39668
216,36:50.0,40:26.0,67,MIT at Mass Ave / Amherst St,42.3581,-71.093198,107,Ames St at Main St,42.3625,-71.08822,3129,Subscriber,2001,1,225296,-71.0948748,42.3603669,4342,-71.08862548,42.36164777,39432,39648
227,22:26.0,26:13.0,80,MIT Stata Center at Vassar St / Main St,42.36213123,-71.09115601,189,Kendall T,42.36242784,-71.08495474,5748,Subscriber,1971,2,202091,-71.08926099,42.36230362,203474,-71.08617738,42.36479214,39812,40039
176,15:22.0,18:18.0,67,MIT at Mass Ave / Amherst St,42.3581,-71.093198,80,MIT Stata Center at Vassar St / Main St,42.36213123,-71.09115601,2093,Subscriber,2001,1,201826,-71.09403266,42.36038414,259924,-71.08839543,42.36347756,39834,40010
339,59:14.0,04:53.0,67,MIT at Mass Ave / Amherst St,42.3581,-71.093198,189,Kendall T,42.36242784,-71.08495474,5526,Subscriber,2001,1,201805,-71.09239917,42.35900791,202846,-71.08667725,42.36321684,40590,40929
189,43:02.0,46:11.0,185,Third at Binney,42.36544486,-71.08277142,91,One Kendall Square at Hampshire St / Portland St,42.366277,-71.09169,3287,Subscriber,1971,1,257245,-71.0807263,42.36586152,258229,-71.09068905,42.36703951,40977,41166
850,39:13.0,53:23.0,318,Ames St at Broadway,42.3636929,-71.0875672,90,Lechmere Station at Cambridge St / First St,42.370677,-71.076529,2955,Subscriber,1993,1,245876,-71.08779438,42.36178042,102902,-71.07314458,42.36996756,41171,42021
292,27:28.0,32:20.0,90,Lechmere Station at Cambridge St / First St,42.370677,-71.076529,189,Kendall T,42.36242784,-71.08495474,4932,Subscriber,1990,1,99421,-71.07838717,42.37108031,203986,-71.08733726,42.36046472,41872,42165
307,30:00.0,35:07.0,67,MIT at Mass Ave / Amherst St,42.3581,-71.093198,189,Kendall T,42.36242784,-71.08495474,4212,Subscriber,1994,1,201812,-71.09086412,42.36000028,101528,-71.08748081,42.36280808,41876,42184
711,32:04.0,43:55.0,67,MIT at Mass Ave / Amherst St,42.3581,-71.093198,189,Kendall T,42.36242784,-71.08495474,5992,Subscriber,2001,1,201803,-71.09318083,42.35929494,4333,-71.08214497,42.36115686,42228,42939
201,48:49.0,52:10.0,141,Kendall Street,42.36356016,-71.08216792,80,MIT Stata Center at Vassar St / Main St,42.36213123,-71.09115601,5123,Subscriber,1998,1,259926,-71.0827925,42.36264191,245877,-71.08795597,42.36214776,42269,42470
265,10:41.0,15:06.0,189,Kendall T,42.36242784,-71.08495474,91,One Kendall Square at Hampshire St / Portland St,42.366277,-71.09169,3756,Subscriber,1994,2,203465,-71.08346182,42.36275442,25433,-71.09372757,42.36736022,42621,42886
337,04:37.0,10:14.0,189,Kendall T,42.36242784,-71.08495474,67,MIT at Mass Ave / Amherst St,42.3581,-71.093198,6027,Customer,1982,1,4368,-71.08392274,42.36173735,259990,-71.09386902,42.35656737,42917,43254
428,46:47.0,53:55.0,67,MIT at Mass Ave / Amherst St,42.3581,-71.093198,72,One Broadway / Kendall Sq at Main St / 3rd St,42.36224179,-71.08311072,4453,Subscriber,1988,1,4323,-71.09477063,42.35904934,259926,-71.0827925,42.36264191,43045,43473
394,09:16.0,15:50.0,67,MIT at Mass Ave / Amherst St,42.3581,-71.093198,141,Kendall Street,42.36356016,-71.08216792,6159,Subscriber,1996,1,201807,-71.09291774,42.35871045,246777,-71.08087254,42.36228773,43107,43501
245,00:16.0,04:21.0,107,Ames St at Main St,42.3625,-71.08822,67,MIT at Mass Ave / Amherst St,42.3581,-71.093198,3363,Subscriber,1986,1,45037,-71.08747349,42.36437315,201813,-71.09083126,42.35967648,43175,43420
414,16:47.0,23:41.0,90,Lechmere Station at Cambridge St / First St,42.370677,-71.076529,189,Kendall T,42.36242784,-71.08495474,2955,Subscriber,1986,1,11354,-71.07814182,42.36903119,203986,-71.08733726,42.36046472,43218,43633
344,07:19.0,13:03.0,107,Ames St at Main St,42.3625,-71.08822,67,MIT at Mass Ave / Amherst St,42.3581,-71.093198,2326,Subscriber,1998,2,69970,-71.0886759,42.36022586,257166,-71.0920709,42.35976105,43788,44132
519,07:09.0,15:48.0,80,MIT Stata Center at Vassar St / Main St,42.36213123,-71.09115601,144,Rogers St & Land Blvd,42.36575798,-71.07699394,2914,Subscriber,1983,1,259940,-71.09356911,42.36161301,69938,-71.07749149,42.36544853,44109,44629
636,18:25.0,29:01.0,90,Lechmere Station at Cambridge St / First St,42.370677,-71.076529,80,MIT Stata Center at Vassar St / Main St,42.36213123,-71.09115601,3669,Subscriber,1986,1,92072,-71.07938385,42.37213335,202091,-71.08926099,42.36230362,44538,45175
995,45:20.0,01:55.0,318,Ames St at Broadway,42.3636929,-71.0875672,107,Ames St at Main St,42.3625,-71.08822,5828,Subscriber,1981,1,125217,-71.08902574,42.36428884,201823,-71.09013443,42.3611579,44595,45590
1290,58:33.0,20:03.0,189,Kendall T,42.36242784,-71.08495474,318,Ames St at Broadway,42.3636929,-71.0875672,5748,Customer,1969,0,4331,-71.08365971,42.36074076,245878,-71.08788993,42.36149681,44735,46026
515,48:36.0,57:11.0,67,MIT at Mass Ave / Amherst St,42.3581,-71.093198,189,Kendall T,42.36242784,-71.08495474,3010,Subscriber,1990,2,202852,-71.09504333,42.35938232,260667,-71.0815805,42.36302972,45090,45606
636,47:15.0,57:51.0,67,MIT at Mass Ave / Amherst St,42.3581,-71.093198,72,One Broadway / Kendall Sq at Main St / 3rd St,42.36224179,-71.08311072,5845,Subscriber,1983,1,201824,-71.09375344,42.36018961,259922,-71.0828517,42.36351583,45266,45903
2479,29:29.0,10:48.0,80,MIT Stata Center at Vassar St / Main St,42.36213123,-71.09115601,67,MIT at Mass Ave / Amherst St,42.3581,-71.093198,5075,Subscriber,1997,1,201815,-71.0930601,42.36038339,202853,-71.09596468,42.3591951,45284,47763
429,22:33.0,29:42.0,67,MIT at Mass Ave / Amherst St,42.3581,-71.093198,141,Kendall Street,42.36356016,-71.08216792,5014,Subscriber,1994,1,201824,-71.09375344,42.36018961,203547,-71.08260139,42.36135795,45384,45813
888,41:35.0,56:23.0,318,Ames St at Broadway,42.3636929,-71.0875672,67,MIT at Mass Ave / Amherst St,42.3581,-71.093198,5521,Subscriber,1997,2,190149,-71.08845472,42.3654104,201805,-71.09239917,42.35900791,45470,46359
491,46:06.0,54:17.0,189,Kendall T,42.36242784,-71.08495474,67,MIT at Mass Ave / Amherst St,42.3581,-71.093198,6161,Subscriber,1983,1,257060,-71.08308255,42.36418165,4324,-71.09505494,42.35814262,45577,46069
91,41:19.0,42:50.0,189,Kendall T,42.36242784,-71.08495474,318,Ames St at Broadway,42.3636929,-71.0875672,4932,Subscriber,1991,1,45037,-71.08747349,42.36437315,259920,-71.08765373,42.36325299,45670,45762
465,39:50.0,47:35.0,107,Ames St at Main St,42.3625,-71.08822,67,MIT at Mass Ave / Amherst St,42.3581,-71.093198,2578,Subscriber,1965,1,4342,-71.08862548,42.36164777,225296,-71.0948748,42.3603669,45684,46150
230,47:24.0,51:14.0,107,Ames St at Main St,42.3625,-71.08822,185,Third at Binney,42.36544486,-71.08277142,4031,Subscriber,1992,1,69953,-71.08937202,42.36342991,203475,-71.08513341,42.36435134,45859,46089
319,46:37.0,51:56.0,67,MIT at Mass Ave / Amherst St,42.3581,-71.093198,107,Ames St at Main St,42.3625,-71.08822,5331,Subscriber,1993,1,45423,-71.09351742,42.35825592,246684,-71.09098619,42.36326769,46052,46372
485,27:42.0,35:47.0,437,Berkshire Street at Cambridge Street,42.37207658,-71.08995434,80,MIT Stata Center at Vassar St / Main St,42.36213123,-71.09115601,4421,Subscriber,1993,2,225398,-71.0896451,42.3718888,4347,-71.09057153,42.36162,46137,46622
211,53:17.0,56:48.0,318,Ames St at Broadway,42.3636929,-71.0875672,185,Third at Binney,42.36544486,-71.08277142,4932,Subscriber,1973,1,28050,-71.08658655,42.36563097,48471,-71.0853515,42.36362475,46246,46458
503,14:32.0,22:55.0,189,Kendall T,42.36242784,-71.08495474,398,75 Binney St,42.36550729,-71.0801376,2774,Subscriber,1989,1,257060,-71.08308255,42.36418165,52044,-71.08040142,42.36707168,46306,46810
439,24:52.0,32:11.0,398,75 Binney St,42.36550729,-71.0801376,67,MIT at Mass Ave / Amherst St,42.3581,-71.093198,3141,Subscriber,1992,1,52844,-71.08328591,42.36621679,257166,-71.0920709,42.35976105,46458,46898
499,30:32.0,38:51.0,90,Lechmere Station at Cambridge St / First St,42.370677,-71.076529,80,MIT Stata Center at Vassar St / Main St,42.36213123,-71.09115601,4915,Subscriber,1992,1,137916,-71.07875286,42.37117072,44842,-71.09257944,42.3633722,46530,47030
262,06:14.0,10:36.0,67,MIT at Mass Ave / Amherst St,42.3581,-71.093198,107,Ames St at Main St,42.3625,-71.08822,2889,Subscriber,2000,1,4325,-71.09342746,42.35764491,69952,-71.08810427,42.36388695,46615,46878
1315,04:15.0,26:10.0,185,Third at Binney,42.36544486,-71.08277142,189,Kendall T,42.36242784,-71.08495474,3836,Customer,1990,2,156674,-71.08349965,42.36706791,224974,-71.08321662,42.36143689,46617,47932
251,00:53.0,05:04.0,67,MIT at Mass Ave / Amherst St,42.3581,-71.093198,80,MIT Stata Center at Vassar St / Main St,42.36213123,-71.09115601,3363,Subscriber,1996,1,201816,-71.09322601,42.36070129,4342,-71.08862548,42.36164777,46625,46876
175,51:01.0,53:56.0,318,Ames St at Broadway,42.3636929,-71.0875672,141,Kendall Street,42.36356016,-71.08216792,5082,Subscriber,1971,1,258221,-71.08623358,42.36270448,128324,-71.08000641,42.36285998,46658,46834
175,42:44.0,45:39.0,107,Ames St at Main St,42.3625,-71.08822,141,Kendall Street,42.36356016,-71.08216792,5331,Subscriber,1998,1,245876,-71.08779438,42.36178042,100937,-71.08234246,42.36236216,46861,47036
370,17:23.0,23:33.0,67,MIT at Mass Ave / Amherst St,42.3581,-71.093198,189,Kendall T,42.36242784,-71.08495474,2352,Subscriber,1988,2,4365,-71.09515103,42.35963438,257061,-71.08295715,42.3640637,46897,47268
349,06:25.0,12:14.0,67,MIT at Mass Ave / Amherst St,42.3581,-71.093198,189,Kendall T,42.36242784,-71.08495474,4707,Customer,1969,0,201807,-71.09291774,42.35871045,4330,-71.08450278,42.3605652,46926,47275
321,41:50.0,47:11.0,67,MIT at Mass Ave / Amherst St,42.3581,-71.093198,189,Kendall T,42.36242784,-71.08495474,5844,Subscriber,1986,1,201814,-71.09067307,42.35941899,224974,-71.08321662,42.36143689,46937,47259
149,25:45.0,28:14.0,189,Kendall T,42.36242784,-71.08495474,80,MIT Stata Center at Vassar St / Main St,42.36213123,-71.09115601,3748,Subscriber,1988,2,45037,-71.08747349,42.36437315,259927,-71.09073911,42.36456444,46989,47139
351,54:40.0,00:31.0,189,Kendall T,42.36242784,-71.08495474,413,Kennedy-Longfellow School 158 Spring St,42.36955298,-71.08579015,2217,Subscriber,1992,1,48370,-71.0848419,42.3641353,137601,-71.08297717,42.37056889,47235,47587
367,58:17.0,04:24.0,144,Rogers St & Land Blvd,42.36575798,-71.07699394,91,One Kendall Square at Hampshire St / Portland St,42.366277,-71.09169,5425,Subscriber,1977,1,246776,-71.07781418,42.36371787,52850,-71.09075464,42.36676762,47543,47910
363,57:23.0,03:26.0,80,MIT Stata Center at Vassar St / Main St,42.36213123,-71.09115601,144,Rogers St & Land Blvd,42.36575798,-71.07699394,4451,Customer,1985,1,259937,-71.09358036,42.36129295,257860,-71.07915297,42.36489464,47546,47910
266,38:09.0,42:35.0,67,MIT at Mass Ave / Amherst St,42.3581,-71.093198,107,Ames St at Main St,42.3625,-71.08822,5878,Subscriber,1999,2,201825,-71.0935271,42.36011991,50515,-71.08726449,42.36220002,47931,48198
439,23:02.0,30:21.0,413,Kennedy-Longfellow School 158 Spring St,42.36955298,-71.08579015,80,MIT Stata Center at Vassar St / Main St,42.36213123,-71.09115601,2217,Subscriber,1991,2,20650,-71.08232453,42.37006936,202091,-71.08926099,42.36230362,47955,48394
352,24:01.0,29:53.0,144,Rogers St & Land Blvd,42.36575798,-71.07699394,107,Ames St at Main St,42.3625,-71.08822,5282,Subscriber,1989,1,11388,-71.0777154,42.3681639,4322,-71.08934074,42.36031884,48241,48593
478,40:59.0,48:57.0,84,CambridgeSide Galleria - CambridgeSide PL at Land Blvd,42.366981,-71.076472,185,Third at Binney,42.36544486,-71.08277142,5800,Subscriber,1989,1,182036,-71.07858681,42.36838861,257061,-71.08295715,42.3640637,48281,48759
278,08:00.0,12:38.0,107,Ames St at Main St,42.3625,-71.08822,67,MIT at Mass Ave / Amherst St,42.3581,-71.093198,2795,Subscriber,1993,1,259924,-71.08839543,42.36347756,257908,-71.09154305,42.36022305,48326,48605
311,38:48.0,43:59.0,67,MIT at Mass Ave / Amherst St,42.3581,-71.093198,107,Ames St at Main St,42.3625,-71.08822,5227,Subscriber,2000,1,4365,-71.09515103,42.35963438,259919,-71.08550816,42.36192178,49178,49489
375,07:56.0,14:11.0,107,Ames St at Main St,42.3625,-71.08822,67,MIT at Mass Ave / Amherst St,42.3581,-71.093198,4135,Subscriber,1954,2,246684,-71.09098619,42.36326769,257122,-71.09319168,42.35950655,49382,49758
323,57:54.0,03:17.0,67,MIT at Mass Ave / Amherst St,42.3581,-71.093198,141,Kendall Street,42.36356016,-71.08216792,5223,Subscriber,1992,1,201826,-71.09403266,42.36038414,259921,-71.08463183,42.36170904,49617,49940
692,37:37.0,49:09.0,67,MIT at Mass Ave / Amherst St,42.3581,-71.093198,413,Kennedy-Longfellow School 158 Spring St,42.36955298,-71.08579015,2256,Subscriber,1996,2,201805,-71.09239917,42.35900791,102918,-71.08279936,42.37048918,49631,50324
272,32:27.0,36:59.0,67,MIT at Mass Ave / Amherst St,42.3581,-71.093198,107,Ames St at Main St,42.3625,-71.08822,3505,Subscriber,1993,1,202852,-71.09504333,42.35938232,259919,-71.08550816,42.36192178,50291,50563
123,25:25.0,27:28.0,141,Kendall Street,42.36356016,-71.08216792,398,75 Binney St,42.36550729,-71.0801376,5014,Subscriber,1965,1,128198,-71.08374094,42.36496042,20737,-71.08056249,42.36803821,50371,50495
261,39:01.0,43:22.0,107,Ames St at Main St,42.3625,-71.08822,67,MIT at Mass Ave / Amherst St,42.3581,-71.093198,3694,Subscriber,2001,1,144549,-71.09159435,42.36336144,41556,-71.09580711,42.35668294,50550,50812
238,06:44.0,10:42.0,107,Ames St at Main St,42.3625,-71.08822,67,MIT at Mass Ave / Amherst St,42.3581,-71.093198,2997,Subscriber,2001,1,156596,-71.08589755,42.36456688,4325,-71.09342746,42.35764491,50567,50805
266,01:05.0,05:31.0,107,Ames St at Main St,42.3625,-71.08822,413,Kennedy-Longfellow School 158 Spring St,42.36955298,-71.08579015,2145,Subscriber,1988,1,4347,-71.09057153,42.36162,92256,-71.08367393,42.36853885,50905,51171
292,26:01.0,30:53.0,189,Kendall T,42.36242784,-71.08495474,67,MIT at Mass Ave / Amherst St,42.3581,-71.093198,4919,Subscriber,1993,1,4329,-71.08571552,42.360176,4323,-71.09477063,42.35904934,51087,51380
394,20:54.0,27:28.0,84,CambridgeSide Galleria - CambridgeSide PL at Land Blvd,42.366981,-71.076472,90,Lechmere Station at Cambridge St / First St,42.370677,-71.076529,2544,Customer,2001,1,225540,-71.07396773,42.36666591,102942,-71.07912979,42.36985417,51403,51798
315,46:13.0,51:28.0,84,CambridgeSide Galleria - CambridgeSide PL at Land Blvd,42.366981,-71.076472,185,Third at Binney,42.36544486,-71.08277142,2588,Subscriber,1997,2,125550,-71.07778504,42.36570744,155170,-71.08318035,42.36771682,51503,51818
169,30:34.0,33:23.0,91,One Kendall Square at Hampshire St / Portland St,42.366277,-71.09169,80,MIT Stata Center at Vassar St / Main St,42.36213123,-71.09115601,5572,Subscriber,1994,2,137520,-71.09183233,42.36832342,246685,-71.09053915,42.363431,51571,51740
193,53:43.0,56:56.0,67,MIT at Mass Ave / Amherst St,42.3581,-71.093198,80,MIT Stata Center at Vassar St / Main St,42.36213123,-71.09115601,4861,Subscriber,1998,1,202853,-71.09596468,42.3591951,201821,-71.09058485,42.36044638,51613,51807
128,26:11.0,28:19.0,67,MIT at Mass Ave / Amherst St,42.3581,-71.093198,80,MIT Stata Center at Vassar St / Main St,42.36213123,-71.09115601,5113,Subscriber,2000,1,245937,-71.09397793,42.35837618,201816,-71.09322601,42.36070129,51829,51958
316,11:45.0,17:01.0,67,MIT at Mass Ave / Amherst St,42.3581,-71.093198,107,Ames St at Main St,42.3625,-71.08822,2991,Subscriber,1983,1,201815,-71.0930601,42.36038339,259917,-71.08583953,42.36188829,52167,52484
274,50:54.0,55:28.0,189,Kendall T,42.36242784,-71.08495474,91,One Kendall Square at Hampshire St / Portland St,42.366277,-71.09169,2026,Subscriber,1991,1,245877,-71.08795597,42.36214776,93081,-71.0944624,42.36789644,52213,52488
1140,40:14.0,59:14.0,228,One Memorial Drive,42.36161932,-71.08043551,185,Third at Binney,42.36544486,-71.08277142,2209,Customer,1990,2,100937,-71.08234246,42.36236216,203466,-71.0812325,42.36473335,52224,53364
284,20:38.0,25:22.0,67,MIT at Mass Ave / Amherst St,42.3581,-71.093198,107,Ames St at Main St,42.3625,-71.08822,2955,Subscriber,1998,1,201809,-71.09108474,42.35945066,4341,-71.08902657,42.36092394,52346,52631
593,21:08.0,31:01.0,189,Kendall T,42.36242784,-71.08495474,67,MIT at Mass Ave / Amherst St,42.3581,-71.093198,4887,Subscriber,1983,1,203465,-71.08346182,42.36275442,4364,-71.09573896,42.35871975,52435,53028
626,48:02.0,58:28.0,67,MIT at Mass Ave / Amherst St,42.3581,-71.093198,437,Berkshire Street at Cambridge Street,42.37207658,-71.08995434,4919,Subscriber,1998,1,201805,-71.09239917,42.35900791,225604,-71.08868753,42.37288697,52731,53357
241,35:04.0,39:05.0,413,Kennedy-Longfellow School 158 Spring St,42.36955298,-71.08579015,318,Ames St at Broadway,42.3636929,-71.0875672,2145,Subscriber,1986,2,102937,-71.0822921,42.3702282,48370,-71.0848419,42.3641353,52744,52986
481,40:10.0,48:11.0,189,Kendall T,42.36242784,-71.08495474,91,One Kendall Square at Hampshire St / Portland St,42.366277,-71.09169,2729,Subscriber,1993,2,49516,-71.08485554,42.36117377,99570,-71.09280769,42.36759197,53091,53572
160,48:13.0,50:53.0,189,Kendall T,42.36242784,-71.08495474,80,MIT Stata Center at Vassar St / Main St,42.36213123,-71.09115601,4212,Subscriber,2000,1,245878,-71.08788993,42.36149681,201821,-71.09058485,42.36044638,53125,53285
462,43:58.0,51:40.0,141,Kendall Street,42.36356016,-71.08216792,80,MIT Stata Center at Vassar St / Main St,42.36213123,-71.09115601,4496,Subscriber,1993,1,257860,-71.07915297,42.36489464,201823,-71.09013443,42.3611579,53132,53595
108,27:12.0,29:00.0,189,Kendall T,42.36242784,-71.08495474,318,Ames St at Broadway,42.3636929,-71.0875672,5844,Subscriber,2000,1,259917,-71.08583953,42.36188829,48370,-71.0848419,42.3641353,53150,53258
227,53:19.0,57:06.0,318,Ames St at Broadway,42.3636929,-71.0875672,228,One Memorial Drive,42.36161932,-71.08043551,5405,Subscriber,1996,1,125217,-71.08902574,42.36428884,260007,-71.07851331,42.3623497,53189,53417
215,57:35.0,01:10.0,318,Ames St at Broadway,42.3636929,-71.0875672,228,One Memorial Drive,42.36161932,-71.08043551,2599,Subscriber,1995,1,259919,-71.08550816,42.36192178,246707,-71.08151109,42.3633744,53201,53416
375,17:45.0,24:00.0,141,Kendall Street,42.36356016,-71.08216792,80,MIT Stata Center at Vassar St / Main St,42.36213123,-71.09115601,5206,Subscriber,1994,1,257061,-71.08295715,42.3640637,202850,-71.09352071,42.36111055,53223,53599
361,15:13.0,21:14.0,67,MIT at Mass Ave / Amherst St,42.3581,-71.093198,107,Ames St at Main St,42.3625,-71.08822,2051,Subscriber,2000,2,201813,-71.09083126,42.35967648,246684,-71.09098619,42.36326769,53276,53638
240,27:06.0,31:06.0,80,MIT Stata Center at Vassar St / Main St,42.36213123,-71.09115601,67,MIT at Mass Ave / Amherst St,42.3581,-71.093198,2587,Subscriber,2000,1,246684,-71.09098619,42.36326769,4323,-71.09477063,42.35904934,54117,54358
429,05:16.0,12:25.0,107,Ames St at Main St,42.3625,-71.08822,67,MIT at Mass Ave / Amherst St,42.3581,-71.093198,3505,Subscriber,1998,2,4341,-71.08902657,42.36092394,201806,-71.09234636,42.35809007,54390,54820
1173,28:09.0,47:42.0,67,MIT at Mass Ave / Amherst St,42.3581,-71.093198,144,Rogers St & Land Blvd,42.36575798,-71.07699394,5063,Customer,1969,0,201803,-71.09318083,42.35929494,153710,-71.07842263,42.36558551,54474,55648
1181,59:33.0,19:14.0,67,MIT at Mass Ave / Amherst St,42.3581,-71.093198,144,Rogers St & Land Blvd,42.36575798,-71.07699394,2921,Customer,1969,0,201802,-71.09254897,42.35994942,125550,-71.07778504,42.36570744,54504,55685
1137,10:33.0,29:30.0,67,MIT at Mass Ave / Amherst St,42.3581,-71.093198,144,Rogers St & Land Blvd,42.36575798,-71.07699394,2587,Customer,1969,0,257908,-71.09154305,42.36022305,25682,-71.07812433,42.36764856,54525,55663
119,52:56.0,54:55.0,398,75 Binney St,42.36550729,-71.0801376,189,Kendall T,42.36242784,-71.08495474,4452,Subscriber,1980,1,203471,-71.08042853,42.36366982,203465,-71.08346182,42.36275442,54543,54663
348,43:57.0,49:45.0,189,Kendall T,42.36242784,-71.08495474,67,MIT at Mass Ave / Amherst St,42.3581,-71.093198,6057,Subscriber,1995,1,203988,-71.08749692,42.36175463,257166,-71.0920709,42.35976105,54619,54967
381,48:45.0,55:06.0,67,MIT at Mass Ave / Amherst St,42.3581,-71.093198,189,Kendall T,42.36242784,-71.08495474,3852,Subscriber,1998,1,259993,-71.09134592,42.35740805,202849,-71.08585858,42.3621407,54713,55095
889,59:05.0,13:54.0,84,CambridgeSide Galleria - CambridgeSide PL at Land Blvd,42.366981,-71.076472,67,MIT at Mass Ave / Amherst St,42.3581,-71.093198,6007,Subscriber,1964,1,153408,-71.07797472,42.36706666,201824,-71.09375344,42.36018961,54975,55864
849,20:29.0,34:38.0,84,CambridgeSide Galleria - CambridgeSide PL at Land Blvd,42.366981,-71.076472,67,MIT at Mass Ave / Amherst St,42.3581,-71.093198,4664,Subscriber,1966,2,103000,-71.0777478,42.36844603,4364,-71.09573896,42.35871975,55017,55866
533,43:22.0,52:15.0,437,Berkshire Street at Cambridge Street,42.37207658,-71.08995434,107,Ames St at Main St,42.3625,-71.08822,3618,Customer,1969,0,101437,-71.08779412,42.37345998,245878,-71.08788993,42.36149681,55132,55665
263,41:51.0,46:14.0,67,MIT at Mass Ave / Amherst St,42.3581,-71.093198,189,Kendall T,42.36242784,-71.08495474,2067,Subscriber,1999,1,4364,-71.09573896,42.35871975,259925,-71.08339796,42.36310196,55385,55649
280,32:47.0,37:27.0,228,One Memorial Drive,42.36161932,-71.08043551,67,MIT at Mass Ave / Amherst St,42.3581,-71.093198,5405,Subscriber,1991,1,225056,-71.08310552,42.36328912,201803,-71.09318083,42.35929494,55410,55691
340,41:57.0,47:37.0,107,Ames St at Main St,42.3625,-71.08822,67,MIT at Mass Ave / Amherst St,42.3581,-71.093198,2955,Subscriber,2001,1,125217,-71.08902574,42.36428884,4324,-71.09505494,42.35814262,55453,55794
296,36:21.0,41:17.0,67,MIT at Mass Ave / Amherst St,42.3581,-71.093198,189,Kendall T,42.36242784,-71.08495474,4060,Subscriber,2001,1,259990,-71.09386902,42.35656737,203987,-71.08763166,42.36084452,55538,55835
251,44:47.0,48:58.0,72,One Broadway / Kendall Sq at Main St / 3rd St,42.36224179,-71.08311072,84,CambridgeSide Galleria - CambridgeSide PL at Land Blvd,42.366981,-71.076472,3578,Subscriber,1993,1,69948,-71.08561003,42.36408341,133590,-71.07940706,42.36841894,55637,55888
179,00:58.0,03:57.0,117,Binney St / Sixth St,42.36608797,-71.08633604,107,Ames St at Main St,42.3625,-71.08822,5526,Subscriber,1988,1,203474,-71.08617738,42.36479214,4340,-71.08813757,42.36040837,55889,56068
227,30:52.0,34:39.0,67,MIT at Mass Ave / Amherst St,42.3581,-71.093198,107,Ames St at Main St,42.3625,-71.08822,5998,Subscriber,1998,1,201804,-71.09277125,42.35952966,245878,-71.08788993,42.36149681,55909,56136
360,51:49.0,57:49.0,80,MIT Stata Center at Vassar St / Main St,42.36213123,-71.09115601,413,Kennedy-Longfellow School 158 Spring St,42.36955298,-71.08579015,5206,Subscriber,1989,1,30590,-71.0919442,42.36397473,91465,-71.08923449,42.37013341,56206,56566
282,00:31.0,05:13.0,189,Kendall T,42.36242784,-71.08495474,84,CambridgeSide Galleria - CambridgeSide PL at Land Blvd,42.366981,-71.076472,5609,Subscriber,1904,1,203475,-71.08513341,42.36435134,69910,-71.07999883,42.36734329,56551,56833
244,29:45.0,33:49.0,80,MIT Stata Center at Vassar St / Main St,42.36213123,-71.09115601,67,MIT at Mass Ave / Amherst St,42.3581,-71.093198,6099,Subscriber,1996,1,201823,-71.09013443,42.3611579,201805,-71.09239917,42.35900791,56709,56954
274,10:52.0,15:26.0,107,Ames St at Main St,42.3625,-71.08822,72,One Broadway / Kendall Sq at Main St / 3rd St,42.36224179,-71.08311072,3144,Subscriber,2001,2,156596,-71.08589755,42.36456688,257060,-71.08308255,42.36418165,56830,57105
216,06:39.0,10:15.0,107,Ames St at Main St,42.3625,-71.08822,67,MIT at Mass Ave / Amherst St,42.3581,-71.093198,2051,Subscriber,1999,1,125217,-71.08902574,42.36428884,41556,-71.09580711,42.35668294,57171,57387
644,26:00.0,36:44.0,437,Berkshire Street at Cambridge Street,42.37207658,-71.08995434,67,MIT at Mass Ave / Amherst St,42.3581,-71.093198,5460,Subscriber,1998,1,11245,-71.09012615,42.37126373,201814,-71.09067307,42.35941899,57266,57911
236,26:21.0,30:17.0,91,One Kendall Square at Hampshire St / Portland St,42.366277,-71.09169,189,Kendall T,42.36242784,-71.08495474,4962,Subscriber,1992,1,181988,-71.09256126,42.36813768,224974,-71.08321662,42.36143689,57337,57574
569,41:40.0,51:09.0,189,Kendall T,42.36242784,-71.08495474,67,MIT at Mass Ave / Amherst St,42.3581,-71.093198,3852,Subscriber,1985,2,259922,-71.0828517,42.36351583,245937,-71.09397793,42.35837618,57422,57991
762,33:55.0,46:37.0,67,MIT at Mass Ave / Amherst St,42.3581,-71.093198,144,Rogers St & Land Blvd,42.36575798,-71.07699394,3269,Subscriber,1997,1,225296,-71.0948748,42.3603669,246696,-71.07926623,42.36430443,57546,58308
401,51:04.0,57:45.0,72,One Broadway / Kendall Sq at Main St / 3rd St,42.36224179,-71.08311072,90,Lechmere Station at Cambridge St / First St,42.370677,-71.076529,4695,Subscriber,1992,2,28,-71.0814036,42.36390706,257846,-71.07499997,42.37075698,57620,58022
382,34:13.0,40:35.0,84,CambridgeSide Galleria - CambridgeSide PL at Land Blvd,42.366981,-71.076472,189,Kendall T,42.36242784,-71.08495474,6019,Subscriber,1981,2,225629,-71.07820815,42.36702325,259920,-71.08765373,42.36325299,57777,58159
573,25:20.0,34:53.0,185,Third at Binney,42.36544486,-71.08277142,67,MIT at Mass Ave / Amherst St,42.3581,-71.093198,2480,Subscriber,1989,2,225074,-71.07934407,42.36571397,202854,-71.09652345,42.35858321,57780,58354
151,27:16.0,29:47.0,80,MIT Stata Center at Vassar St / Main St,42.36213123,-71.09115601,67,MIT at Mass Ave / Amherst St,42.3581,-71.093198,2330,Subscriber,2001,1,246684,-71.09098619,42.36326769,245937,-71.09397793,42.35837618,57878,58029
139,27:52.0,30:11.0,80,MIT Stata Center at Vassar St / Main St,42.36213123,-71.09115601,67,MIT at Mass Ave / Amherst St,42.3581,-71.093198,4811,Subscriber,2000,1,245878,-71.08788993,42.36149681,259993,-71.09134592,42.35740805,58099,58238
220,46:25.0,50:05.0,80,MIT Stata Center at Vassar St / Main St,42.36213123,-71.09115601,67,MIT at Mass Ave / Amherst St,42.3581,-71.093198,5741,Subscriber,1998,1,201819,-71.09193875,42.36114506,257908,-71.09154305,42.36022305,58153,58374
234,29:36.0,33:30.0,144,Rogers St & Land Blvd,42.36575798,-71.07699394,189,Kendall T,42.36242784,-71.08495474,2221,Subscriber,1987,1,11388,-71.0777154,42.3681639,4332,-71.08353677,42.36120873,58179,58414
313,20:08.0,25:21.0,228,One Memorial Drive,42.36161932,-71.08043551,67,MIT at Mass Ave / Amherst St,42.3581,-71.093198,5666,Subscriber,1996,1,4333,-71.08214497,42.36115686,201812,-71.09086412,42.36000028,58243,58556
428,41:37.0,48:45.0,185,Third at Binney,42.36544486,-71.08277142,67,MIT at Mass Ave / Amherst St,42.3581,-71.093198,5129,Subscriber,2000,2,203474,-71.08617738,42.36479214,257166,-71.0920709,42.35976105,58317,58746
324,16:42.0,22:06.0,91,One Kendall Square at Hampshire St / Portland St,42.366277,-71.09169,80,MIT Stata Center at Vassar St / Main St,42.36213123,-71.09115601,4102,Subscriber,1977,1,258226,-71.0900521,42.36837753,259940,-71.09356911,42.36161301,58413,58738
417,33:47.0,40:44.0,141,Kendall Street,42.36356016,-71.08216792,67,MIT at Mass Ave / Amherst St,42.3581,-71.093198,3089,Subscriber,1993,1,257060,-71.08308255,42.36418165,259993,-71.09134592,42.35740805,58414,58831
399,15:59.0,22:38.0,141,Kendall Street,42.36356016,-71.08216792,67,MIT at Mass Ave / Amherst St,42.3581,-71.093198,2394,Subscriber,1995,1,188879,-71.08133506,42.36158799,202852,-71.09504333,42.35938232,58419,58819
347,45:00.0,50:47.0,90,Lechmere Station at Cambridge St / First St,42.370677,-71.076529,189,Kendall T,42.36242784,-71.08495474,3289,Subscriber,1989,1,137575,-71.07902215,42.3719683,203987,-71.08763166,42.36084452,58437,58784
413,13:16.0,20:09.0,91,One Kendall Square at Hampshire St / Portland St,42.366277,-71.09169,107,Ames St at Main St,42.3625,-71.08822,4700,Subscriber,1986,1,154534,-71.09201534,42.3675212,246684,-71.09098619,42.36326769,58732,59146
140,43:16.0,45:36.0,107,Ames St at Main St,42.3625,-71.08822,189,Kendall T,42.36242784,-71.08495474,5998,Subscriber,1997,1,69948,-71.08561003,42.36408341,203984,-71.08692828,42.36167285,58874,59014
1007,10:08.0,26:55.0,117,Binney St / Sixth St,42.36608797,-71.08633604,228,One Memorial Drive,42.36161932,-71.08043551,4495,Subscriber,1971,2,183102,-71.08495675,42.368462,260584,-71.07968943,42.3624326,58959,59967
277,01:41.0,06:18.0,141,Kendall Street,42.36356016,-71.08216792,80,MIT Stata Center at Vassar St / Main St,42.36213123,-71.09115601,5292,Subscriber,1971,1,257860,-71.07915297,42.36489464,28707,-71.09415183,42.36077089,59063,59340
234,35:16.0,39:10.0,107,Ames St at Main St,42.3625,-71.08822,67,MIT at Mass Ave / Amherst St,42.3581,-71.093198,3334,Subscriber,1998,1,245877,-71.08795597,42.36214776,201807,-71.09291774,42.35871045,59294,59528
301,03:34.0,08:35.0,398,75 Binney St,42.36550729,-71.0801376,91,One Kendall Square at Hampshire St / Portland St,42.366277,-71.09169,3551,Subscriber,1995,1,69938,-71.07749149,42.36544853,137606,-71.09061156,42.36870161,59297,59599
289,03:57.0,08:46.0,67,MIT at Mass Ave / Amherst St,42.3581,-71.093198,107,Ames St at Main St,42.3625,-71.08822,5405,Subscriber,1998,2,201815,-71.0930601,42.36038339,100970,-71.08546297,42.36210025,59511,59800
184,40:58.0,44:02.0,144,Rogers St & Land Blvd,42.36575798,-71.07699394,90,Lechmere Station at Cambridge St / First St,42.370677,-71.076529,2290,Subscriber,1963,1,42664,-71.07913119,42.36623205,20564,-71.07943052,42.37203505,59574,59758
295,25:34.0,30:29.0,189,Kendall T,42.36242784,-71.08495474,84,CambridgeSide Galleria - CambridgeSide PL at Land Blvd,42.366981,-71.076472,3606,Subscriber,1979,1,156596,-71.08589755,42.36456688,127059,-71.07599116,42.36573894,59618,59914
313,14:06.0,19:19.0,189,Kendall T,42.36242784,-71.08495474,67,MIT at Mass Ave / Amherst St,42.3581,-71.093198,2221,Subscriber,2000,1,225269,-71.08435148,42.36380294,4364,-71.09573896,42.35871975,59684,59997
75,20:29.0,21:44.0,318,Ames St at Broadway,42.3636929,-71.0875672,107,Ames St at Main St,42.3625,-71.08822,3203,Subscriber,2000,1,203474,-71.08617738,42.36479214,124885,-71.09067027,42.36242428,60036,60112
186,20:35.0,23:41.0,107,Ames St at Main St,42.3625,-71.08822,67,MIT at Mass Ave / Amherst St,42.3581,-71.093198,3203,Subscriber,1997,1,245876,-71.08779438,42.36178042,201815,-71.0930601,42.36038339,60471,60658
490,41:55.0,50:05.0,90,Lechmere Station at Cambridge St / First St,42.370677,-71.076529,189,Kendall T,42.36242784,-71.08495474,2468,Subscriber,1968,1,92368,-71.07898455,42.37178245,245878,-71.08788993,42.36149681,60597,61087
694,38:00.0,49:34.0,84,CambridgeSide Galleria - CambridgeSide PL at Land Blvd,42.366981,-71.076472,67,MIT at Mass Ave / Amherst St,42.3581,-71.093198,3853,Subscriber,1997,1,225540,-71.07396773,42.36666591,201807,-71.09291774,42.35871045,60723,61418
754,04:55.0,17:29.0,80,MIT Stata Center at Vassar St / Main St,42.36213123,-71.09115601,84,CambridgeSide Galleria - CambridgeSide PL at Land Blvd,42.366981,-71.076472,2596,Subscriber,2000,1,90862,-71.09435507,42.36124178,20738,-71.07942175,42.36804826,60777,61532
1107,27:37.0,46:04.0,107,Ames St at Main St,42.3625,-71.08822,437,Berkshire Street at Cambridge Street,42.37207658,-71.08995434,5700,Subscriber,1970,1,203984,-71.08692828,42.36167285,11026,-71.09043287,42.3740597,60895,62003
506,43:58.0,52:24.0,90,Lechmere Station at Cambridge St / First St,42.370677,-71.076529,189,Kendall T,42.36242784,-71.08495474,2290,Subscriber,1986,1,99421,-71.07838717,42.37108031,225056,-71.08310552,42.36328912,61049,61556
325,41:43.0,47:08.0,144,Rogers St & Land Blvd,42.36575798,-71.07699394,189,Kendall T,42.36242784,-71.08495474,5119,Subscriber,1989,1,101345,-71.07907531,42.36778735,203984,-71.08692828,42.36167285,61246,61572
330,36:40.0,42:10.0,67,MIT at Mass Ave / Amherst St,42.3581,-71.093198,318,Ames St at Broadway,42.3636929,-71.0875672,5769,Subscriber,1989,1,202854,-71.09652345,42.35858321,48370,-71.0848419,42.3641353,61272,61603
251,53:06.0,57:17.0,72,One Broadway / Kendall Sq at Main St / 3rd St,42.36224179,-71.08311072,91,One Kendall Square at Hampshire St / Portland St,42.366277,-71.09169,3689,Subscriber,1979,1,246707,-71.08151109,42.3633744,40924,-71.09474927,42.36709109,61308,61559
318,02:04.0,07:22.0,144,Rogers St & Land Blvd,42.36575798,-71.07699394,189,Kendall T,42.36242784,-71.08495474,5089,Subscriber,1995,1,42664,-71.07913119,42.36623205,203465,-71.08346182,42.36275442,61330,61648
191,48:06.0,51:17.0,107,Ames St at Main St,42.3625,-71.08822,67,MIT at Mass Ave / Amherst St,42.3581,-71.093198,5989,Subscriber,2000,1,156596,-71.08589755,42.36456688,201803,-71.09318083,42.35929494,61489,61681
292,35:11.0,40:03.0,189,Kendall T,42.36242784,-71.08495474,67,MIT at Mass Ave / Amherst St,42.3581,-71.093198,2512,Subscriber,2001,2,259923,-71.0866881,42.36212664,201808,-71.09201715,42.35968325,61505,61798
229,32:51.0,36:40.0,84,CambridgeSide Galleria - CambridgeSide PL at Land Blvd,42.366981,-71.076472,413,Kennedy-Longfellow School 158 Spring St,42.36955298,-71.08579015,3578,Subscriber,1995,1,225074,-71.07934407,42.36571397,144550,-71.08448371,42.37005369,61526,61755
238,14:13.0,18:11.0,189,Kendall T,42.36242784,-71.08495474,67,MIT at Mass Ave / Amherst St,42.3581,-71.093198,2290,Subscriber,1999,1,69948,-71.08561003,42.36408341,259993,-71.09134592,42.35740805,61576,61814
236,58:20.0,02:16.0,189,Kendall T,42.36242784,-71.08495474,67,MIT at Mass Ave / Amherst St,42.3581,-71.093198,5089,Subscriber,2001,1,4332,-71.08353677,42.36120873,201815,-71.0930601,42.36038339,61660,61897
178,25:13.0,28:11.0,141,Kendall Street,42.36356016,-71.08216792,318,Ames St at Broadway,42.3636929,-71.0875672,5719,Subscriber,1988,1,203470,-71.08136392,42.36437823,48370,-71.0848419,42.3641353,61762,61940
408,01:03.0,07:51.0,90,Lechmere Station at Cambridge St / First St,42.370677,-71.076529,189,Kendall T,42.36242784,-71.08495474,5283,Subscriber,1981,1,101768,-71.07933956,42.3705727,260668,-71.08176385,42.36284228,61780,62188
476,36:45.0,44:41.0,107,Ames St at Main St,42.3625,-71.08822,437,Berkshire Street at Cambridge Street,42.37207658,-71.08995434,5307,Subscriber,1992,2,257243,-71.08934074,42.36031884,102862,-71.089085,42.37203065,61889,62365
111,44:29.0,46:20.0,189,Kendall T,42.36242784,-71.08495474,107,Ames St at Main St,42.3625,-71.08822,2928,Subscriber,1996,1,4329,-71.08571552,42.360176,4342,-71.08862548,42.36164777,61919,62031
342,24:39.0,30:21.0,189,Kendall T,42.36242784,-71.08495474,91,One Kendall Square at Hampshire St / Portland St,42.366277,-71.09169,2948,Subscriber,1983,2,187323,-71.0852497,42.36268232,25744,-71.09461504,42.36694734,61932,62274
271,00:13.0,04:44.0,107,Ames St at Main St,42.3625,-71.08822,413,Kennedy-Longfellow School 158 Spring St,42.36955298,-71.08579015,5735,Subscriber,1981,1,246684,-71.09098619,42.36326769,20614,-71.08731726,42.37084578,62127,62398
219,29:55.0,33:34.0,80,MIT Stata Center at Vassar St / Main St,42.36213123,-71.09115601,67,MIT at Mass Ave / Amherst St,42.3581,-71.093198,3096,Subscriber,2000,1,28707,-71.09415183,42.36077089,201810,-71.09018309,42.35878749,62140,62359
475,09:25.0,17:20.0,107,Ames St at Main St,42.3625,-71.08822,84,CambridgeSide Galleria - CambridgeSide PL at Land Blvd,42.366981,-71.076472,5999,Subscriber,1956,2,259919,-71.08550816,42.36192178,11388,-71.0777154,42.3681639,62187,62663
540,44:38.0,53:38.0,228,One Memorial Drive,42.36161932,-71.08043551,84,CambridgeSide Galleria - CambridgeSide PL at Land Blvd,42.366981,-71.076472,4038,Subscriber,1966,2,4368,-71.08392274,42.36173735,153710,-71.07842263,42.36558551,62454,62994
164,34:20.0,37:04.0,107,Ames St at Main St,42.3625,-71.08822,141,Kendall Street,42.36356016,-71.08216792,2892,Subscriber,1994,1,4320,-71.09164183,42.3623479,128198,-71.08374094,42.36496042,62557,62722
186,54:47.0,57:53.0,107,Ames St at Main St,42.3625,-71.08822,91,One Kendall Square at Hampshire St / Portland St,42.366277,-71.09169,3771,Subscriber,1985,1,4322,-71.08934074,42.36031884,51961,-71.09298949,42.36473294,62579,62765
346,41:36.0,47:22.0,67,MIT at Mass Ave / Amherst St,42.3581,-71.093198,185,Third at Binney,42.36544486,-71.08277142,5882,Subscriber,1999,2,201806,-71.09234636,42.35809007,90856,-71.08301297,42.36747776,62813,63160
244,47:01.0,51:05.0,90,Lechmere Station at Cambridge St / First St,42.370677,-71.076529,437,Berkshire Street at Cambridge Street,42.37207658,-71.08995434,3584,Subscriber,1994,2,20664,-71.076793,42.369553,184559,-71.09211598,42.37238575,62856,63100
362,07:33.0,13:35.0,107,Ames St at Main St,42.3625,-71.08822,144,Rogers St & Land Blvd,42.36575798,-71.07699394,5585,Subscriber,1973,2,202849,-71.08585858,42.3621407,154705,-71.0801518,42.3649565,63052,63415
735,38:40.0,50:55.0,107,Ames St at Main St,42.3625,-71.08822,398,75 Binney St,42.36550729,-71.0801376,3307,Subscriber,1997,1,124885,-71.09067027,42.36242428,187830,-71.07927265,42.36361414,63058,63794
697,55:02.0,06:39.0,107,Ames St at Main St,42.3625,-71.08822,398,75 Binney St,42.36550729,-71.0801376,5937,Subscriber,1997,2,101528,-71.08748081,42.36280808,225708,-71.08172938,42.36718642,63090,63788
2407,45:30.0,25:37.0,437,Berkshire Street at Cambridge Street,42.37207658,-71.08995434,318,Ames St at Broadway,42.3636929,-71.0875672,5700,Subscriber,1986,1,65811,-71.0907163,42.37390515,202175,-71.08865214,42.36359773,63136,65544
246,36:51.0,40:57.0,80,MIT Stata Center at Vassar St / Main St,42.36213123,-71.09115601,189,Kendall T,42.36242784,-71.08495474,4517,Subscriber,1990,1,49573,-71.09277534,42.36202809,48471,-71.0853515,42.36362475,63173,63420
437,23:09.0,30:26.0,90,Lechmere Station at Cambridge St / First St,42.370677,-71.076529,189,Kendall T,42.36242784,-71.08495474,3491,Subscriber,1994,1,20569,-71.07911974,42.37179003,257060,-71.08308255,42.36418165,63197,63634
514,45:12.0,53:46.0,189,Kendall T,42.36242784,-71.08495474,437,Berkshire Street at Cambridge Street,42.37207658,-71.08995434,4055,Subscriber,1997,1,203467,-71.08197325,42.36345317,102831,-71.08889815,42.37310795,63348,63862
285,45:04.0,49:49.0,107,Ames St at Main St,42.3625,-71.08822,91,One Kendall Square at Hampshire St / Portland St,42.366277,-71.09169,3350,Subscriber,1981,2,257243,-71.08934074,42.36031884,11398,-71.09243173,42.36808026,63464,63749
138,06:25.0,08:43.0,318,Ames St at Broadway,42.3636929,-71.0875672,189,Kendall T,42.36242784,-71.08495474,3103,Subscriber,1994,1,125217,-71.08902574,42.36428884,156596,-71.08589755,42.36456688,63643,63781
295,36:02.0,40:57.0,107,Ames St at Main St,42.3625,-71.08822,413,Kennedy-Longfellow School 158 Spring St,42.36955298,-71.08579015,5316,Subscriber,1987,1,4342,-71.08862548,42.36164777,11230,-71.08640698,42.37137568,63673,63969
191,56:03.0,59:14.0,189,Kendall T,42.36242784,-71.08495474,80,MIT Stata Center at Vassar St / Main St,42.36213123,-71.09115601,3491,Subscriber,1996,1,225056,-71.08310552,42.36328912,26163,-71.09394509,42.36121602,63753,63945
196,23:52.0,27:08.0,398,75 Binney St,42.36550729,-71.0801376,84,CambridgeSide Galleria - CambridgeSide PL at Land Blvd,42.366981,-71.076472,3307,Subscriber,1997,1,42664,-71.07913119,42.36623205,127059,-71.07599116,42.36573894,63858,64055
174,20:45.0,23:39.0,398,75 Binney St,42.36550729,-71.0801376,84,CambridgeSide Galleria - CambridgeSide PL at Land Blvd,42.366981,-71.076472,5937,Subscriber,1997,2,187830,-71.07927265,42.36361414,185692,-71.07948117,42.36782802,63864,64039
516,13:36.0,22:12.0,413,Kennedy-Longfellow School 158 Spring St,42.36955298,-71.08579015,67,MIT at Mass Ave / Amherst St,42.3581,-71.093198,5978,Subscriber,1992,1,66010,-71.08441041,42.36837938,257122,-71.09319168,42.35950655,64065,64582
340,28:47.0,34:27.0,228,One Memorial Drive,42.36161932,-71.08043551,67,MIT at Mass Ave / Amherst St,42.3581,-71.093198,4495,Subscriber,1995,1,4331,-71.08365971,42.36074076,4364,-71.09573896,42.35871975,64110,64451
327,36:05.0,41:32.0,67,MIT at Mass Ave / Amherst St,42.3581,-71.093198,228,One Memorial Drive,42.36161932,-71.08043551,2921,Subscriber,1991,1,259990,-71.09386902,42.35656737,4331,-71.08365971,42.36074076,64160,64487
801,00:59.0,14:20.0,67,MIT at Mass Ave / Amherst St,42.3581,-71.093198,84,CambridgeSide Galleria - CambridgeSide PL at Land Blvd,42.366981,-71.076472,5116,Subscriber,1979,1,259993,-71.09134592,42.35740805,51044,-71.0790717,42.36656077,64428,65229
151,44:25.0,46:56.0,67,MIT at Mass Ave / Amherst St,42.3581,-71.093198,107,Ames St at Main St,42.3625,-71.08822,3763,Subscriber,1997,1,201816,-71.09322601,42.36070129,257243,-71.08934074,42.36031884,64503,64654
155,02:52.0,05:27.0,189,Kendall T,42.36242784,-71.08495474,80,MIT Stata Center at Vassar St / Main St,42.36213123,-71.09115601,5573,Subscriber,1996,1,257061,-71.08295715,42.3640637,157235,-71.09359798,42.36380628,64510,64666
135,34:42.0,36:57.0,141,Kendall Street,42.36356016,-71.08216792,318,Ames St at Broadway,42.3636929,-71.0875672,5339,Subscriber,1994,1,203468,-71.08062887,42.3644804,225149,-71.0870465,42.36552715,64516,64652
460,54:34.0,02:14.0,189,Kendall T,42.36242784,-71.08495474,437,Berkshire Street at Cambridge Street,42.37207658,-71.08995434,6149,Subscriber,1976,1,258221,-71.08623358,42.36270448,65882,-71.08961997,42.37206733,64634,65094
433,03:30.0,10:43.0,107,Ames St at Main St,42.3625,-71.08822,84,CambridgeSide Galleria - CambridgeSide PL at Land Blvd,42.366981,-71.076472,2399,Subscriber,1995,1,258221,-71.08623358,42.36270448,246708,-71.07527895,42.36855569,64635,65068
297,47:04.0,52:01.0,107,Ames St at Main St,42.3625,-71.08822,398,75 Binney St,42.36550729,-71.0801376,2733,Subscriber,1998,2,202849,-71.08585858,42.3621407,100939,-71.08088631,42.363621,64773,65071
266,12:13.0,16:39.0,80,MIT Stata Center at Vassar St / Main St,42.36213123,-71.09115601,67,MIT at Mass Ave / Amherst St,42.3581,-71.093198,3347,Subscriber,1969,2,210874,-71.09412544,42.36141862,201804,-71.09277125,42.35952966,65009,65275
165,38:54.0,41:39.0,107,Ames St at Main St,42.3625,-71.08822,67,MIT at Mass Ave / Amherst St,42.3581,-71.093198,4795,Subscriber,1993,1,156596,-71.08589755,42.36456688,259990,-71.09386902,42.35656737,65051,65216
278,19:22.0,24:00.0,107,Ames St at Main St,42.3625,-71.08822,67,MIT at Mass Ave / Amherst St,42.3581,-71.093198,3763,Subscriber,1994,1,258221,-71.08623358,42.36270448,45423,-71.09351742,42.35825592,65132,65411
456,19:45.0,27:21.0,189,Kendall T,42.36242784,-71.08495474,107,Ames St at Main St,42.3625,-71.08822,3481,Subscriber,1992,1,202849,-71.08585858,42.3621407,259923,-71.0866881,42.36212664,65257,65714
169,18:48.0,21:37.0,80,MIT Stata Center at Vassar St / Main St,42.36213123,-71.09115601,67,MIT at Mass Ave / Amherst St,42.3581,-71.093198,5685,Subscriber,1996,1,152966,-71.09371104,42.36337264,201826,-71.09403266,42.36038414,65314,65483
401,33:36.0,40:17.0,107,Ames St at Main St,42.3625,-71.08822,413,Kennedy-Longfellow School 158 Spring St,42.36955298,-71.08579015,1258,Subscriber,1994,2,203984,-71.08692828,42.36167285,101504,-71.0833285,42.36808769,65400,65802
283,41:30.0,46:13.0,80,MIT Stata Center at Vassar St / Main St,42.36213123,-71.09115601,67,MIT at Mass Ave / Amherst St,42.3581,-71.093198,6066,Subscriber,2000,2,257042,-71.09446882,42.3618513,202852,-71.09504333,42.35938232,65463,65747
195,36:07.0,39:22.0,80,MIT Stata Center at Vassar St / Main St,42.36213123,-71.09115601,67,MIT at Mass Ave / Amherst St,42.3581,-71.093198,3178,Subscriber,1998,1,187679,-71.09247084,42.36160686,202853,-71.09596468,42.3591951,65604,65799
444,57:55.0,05:19.0,80,MIT Stata Center at Vassar St / Main St,42.36213123,-71.09115601,413,Kennedy-Longfellow School 158 Spring St,42.36955298,-71.08579015,5183,Subscriber,1992,1,245878,-71.08788993,42.36149681,20621,-71.08437317,42.37071816,65682,66126
222,53:48.0,57:30.0,67,MIT at Mass Ave / Amherst St,42.3581,-71.093198,189,Kendall T,42.36242784,-71.08495474,3763,Subscriber,1996,1,4334,-71.09414158,42.35832148,101528,-71.08748081,42.36280808,65891,66114
383,57:59.0,04:22.0,91,One Kendall Square at Hampshire St / Portland St,42.366277,-71.09169,141,Kendall Street,42.36356016,-71.08216792,5303,Subscriber,1990,1,185328,-71.09281841,42.36879208,257061,-71.08295715,42.3640637,66325,66709
309,04:53.0,10:02.0,141,Kendall Street,42.36356016,-71.08216792,84,CambridgeSide Galleria - CambridgeSide PL at Land Blvd,42.366981,-71.076472,6022,Subscriber,1985,2,174,-71.08235975,42.36469273,11354,-71.07814182,42.36903119,66460,66769
117,47:03.0,49:00.0,107,Ames St at Main St,42.3625,-71.08822,80,MIT Stata Center at Vassar St / Main St,42.36213123,-71.09115601,2382,Subscriber,1997,1,69970,-71.0886759,42.36022586,201802,-71.09254897,42.35994942,66527,66644
230,09:53.0,13:43.0,80,MIT Stata Center at Vassar St / Main St,42.36213123,-71.09115601,141,Kendall Street,42.36356016,-71.08216792,3126,Subscriber,1987,2,4320,-71.09164183,42.3623479,154705,-71.0801518,42.3649565,66539,66770
108,45:32.0,47:20.0,80,MIT Stata Center at Vassar St / Main St,42.36213123,-71.09115601,189,Kendall T,42.36242784,-71.08495474,6142,Subscriber,1991,1,257043,-71.09419468,42.36259829,4331,-71.08365971,42.36074076,66676,66785
161,54:55.0,57:36.0,80,MIT Stata Center at Vassar St / Main St,42.36213123,-71.09115601,189,Kendall T,42.36242784,-71.08495474,4968,Subscriber,1996,1,124885,-71.09067027,42.36242428,259923,-71.0866881,42.36212664,66829,66990
348,12:00.0,17:48.0,189,Kendall T,42.36242784,-71.08495474,413,Kennedy-Longfellow School 158 Spring St,42.36955298,-71.08579015,5866,Subscriber,2001,1,156596,-71.08589755,42.36456688,11373,-71.08455805,42.36866675,66972,67320
293,01:11.0,06:04.0,80,MIT Stata Center at Vassar St / Main St,42.36213123,-71.09115601,185,Third at Binney,42.36544486,-71.08277142,3485,Subscriber,1986,1,201816,-71.09322601,42.36070129,246707,-71.08151109,42.3633744,67736,68029
191,56:09.0,59:20.0,141,Kendall Street,42.36356016,-71.08216792,318,Ames St at Broadway,42.3636929,-71.0875672,5697,Subscriber,1962,1,153300,-71.08472255,42.36206325,225269,-71.08435148,42.36380294,67843,68035
137,42:51.0,45:08.0,80,MIT Stata Center at Vassar St / Main St,42.36213123,-71.09115601,67,MIT at Mass Ave / Amherst St,42.3581,-71.093198,5452,Subscriber,1989,1,28707,-71.09415183,42.36077089,201811,-71.09044938,42.35955835,67918,68056
295,29:07.0,34:02.0,141,Kendall Street,42.36356016,-71.08216792,67,MIT at Mass Ave / Amherst St,42.3581,-71.093198,4855,Subscriber,1994,1,259921,-71.08463183,42.36170904,4323,-71.09477063,42.35904934,67925,68220
321,58:42.0,04:03.0,80,MIT Stata Center at Vassar St / Main St,42.36213123,-71.09115601,437,Berkshire Street at Cambridge Street,42.37207658,-71.08995434,2823,Subscriber,1992,1,201811,-71.09044938,42.35955835,11142,-71.09032867,42.37252337,68039,68361
386,24:27.0,30:53.0,107,Ames St at Main St,42.3625,-71.08822,84,CambridgeSide Galleria - CambridgeSide PL at Land Blvd,42.366981,-71.076472,4348,Subscriber,1992,1,48471,-71.0853515,42.36362475,127059,-71.07599116,42.36573894,68096,68482
305,08:58.0,14:03.0,80,MIT Stata Center at Vassar St / Main St,42.36213123,-71.09115601,189,Kendall T,42.36242784,-71.08495474,5170,Subscriber,1985,1,91900,-71.09058495,42.36456765,245876,-71.08779438,42.36178042,68140,68446
267,54:02.0,58:29.0,189,Kendall T,42.36242784,-71.08495474,91,One Kendall Square at Hampshire St / Portland St,42.366277,-71.09169,3035,Subscriber,1993,2,257060,-71.08308255,42.36418165,102220,-71.09300999,42.36816674,68166,68434
266,18:55.0,23:21.0,117,Binney St / Sixth St,42.36608797,-71.08633604,228,One Memorial Drive,42.36161932,-71.08043551,3021,Subscriber,1996,1,135648,-71.08527923,42.36808869,203471,-71.08042853,42.36366982,68329,68596
219,32:10.0,35:49.0,141,Kendall Street,42.36356016,-71.08216792,107,Ames St at Main St,42.3625,-71.08822,2299,Subscriber,1994,1,246357,-71.0800349,42.36223133,259918,-71.08874678,42.36303852,68337,68556
171,34:08.0,36:59.0,80,MIT Stata Center at Vassar St / Main St,42.36213123,-71.09115601,189,Kendall T,42.36242784,-71.08495474,4499,Subscriber,1991,1,91900,-71.09058495,42.36456765,50515,-71.08726449,42.36220002,68482,68653
531,15:24.0,24:15.0,80,MIT Stata Center at Vassar St / Main St,42.36213123,-71.09115601,413,Kennedy-Longfellow School 158 Spring St,42.36955298,-71.08579015,545,Subscriber,1992,1,201813,-71.09083126,42.35967648,99446,-71.08607022,42.37028721,68523,69054
200,26:33.0,29:53.0,107,Ames St at Main St,42.3625,-71.08822,67,MIT at Mass Ave / Amherst St,42.3581,-71.093198,1629,Subscriber,1993,1,156596,-71.08589755,42.36456688,124538,-71.09508725,42.35692037,68551,68752
315,59:01.0,04:16.0,189,Kendall T,42.36242784,-71.08495474,90,Lechmere Station at Cambridge St / First St,42.370677,-71.076529,5983,Subscriber,1990,1,4331,-71.08365971,42.36074076,11198,-71.07945072,42.37180995,68594,68910
343,37:41.0,43:24.0,90,Lechmere Station at Cambridge St / First St,42.370677,-71.076529,72,One Broadway / Kendall Sq at Main St / 3rd St,42.36224179,-71.08311072,3889,Subscriber,1985,1,102886,-71.07932413,42.37137194,128324,-71.08000641,42.36285998,68683,69027
382,06:17.0,12:39.0,107,Ames St at Main St,42.3625,-71.08822,437,Berkshire Street at Cambridge Street,42.37207658,-71.08995434,2327,Subscriber,1996,1,100970,-71.08546297,42.36210025,258306,-71.08837164,42.3737336,68730,69113
392,19:44.0,26:16.0,189,Kendall T,42.36242784,-71.08495474,67,MIT at Mass Ave / Amherst St,42.3581,-71.093198,2962,Subscriber,1966,1,245876,-71.08779438,42.36178042,201807,-71.09291774,42.35871045,68997,69389
839,56:57.0,10:56.0,189,Kendall T,42.36242784,-71.08495474,228,One Memorial Drive,42.36161932,-71.08043551,4271,Subscriber,1990,1,50515,-71.08726449,42.36220002,188879,-71.08133506,42.36158799,69129,69968
224,36:23.0,40:07.0,189,Kendall T,42.36242784,-71.08495474,91,One Kendall Square at Hampshire St / Portland St,42.366277,-71.09169,5105,Subscriber,1995,1,259917,-71.08583953,42.36188829,47878,-71.09204346,42.36629251,69179,69404
543,09:58.0,19:01.0,84,CambridgeSide Galleria - CambridgeSide PL at Land Blvd,42.366981,-71.076472,107,Ames St at Main St,42.3625,-71.08822,2560,Subscriber,1997,1,20738,-71.07942175,42.36804826,259924,-71.08839543,42.36347756,69212,69756
472,37:47.0,45:39.0,84,CambridgeSide Galleria - CambridgeSide PL at Land Blvd,42.366981,-71.076472,107,Ames St at Main St,42.3625,-71.08822,4348,Subscriber,1997,2,225540,-71.07396773,42.36666591,69970,-71.0886759,42.36022586,69268,69740
417,24:35.0,31:32.0,185,Third at Binney,42.36544486,-71.08277142,437,Berkshire Street at Cambridge Street,42.37207658,-71.08995434,5333,Subscriber,1991,1,128198,-71.08374094,42.36496042,136218,-71.0908886,42.37319503,69332,69750
191,28:23.0,31:34.0,80,MIT Stata Center at Vassar St / Main St,42.36213123,-71.09115601,91,One Kendall Square at Hampshire St / Portland St,42.366277,-71.09169,5269,Subscriber,1993,1,69970,-71.0886759,42.36022586,69901,-71.09247823,42.36764081,69393,69584
254,20:48.0,25:02.0,189,Kendall T,42.36242784,-71.08495474,91,One Kendall Square at Hampshire St / Portland St,42.366277,-71.09169,5526,Subscriber,1992,1,203988,-71.08749692,42.36175463,203679,-71.09044015,42.36727284,69609,69863
209,12:32.0,16:01.0,189,Kendall T,42.36242784,-71.08495474,91,One Kendall Square at Hampshire St / Portland St,42.366277,-71.09169,5170,Subscriber,1991,1,259920,-71.08765373,42.36325299,260505,-71.0925362,42.36575017,69676,69885
268,59:00.0,03:28.0,141,Kendall Street,42.36356016,-71.08216792,80,MIT Stata Center at Vassar St / Main St,42.36213123,-71.09115601,3922,Subscriber,1998,1,48471,-71.0853515,42.36362475,202850,-71.09352071,42.36111055,69756,70024
167,33:21.0,36:08.0,67,MIT at Mass Ave / Amherst St,42.3581,-71.093198,107,Ames St at Main St,42.3625,-71.08822,5721,Subscriber,1993,1,257122,-71.09319168,42.35950655,259923,-71.0866881,42.36212664,70169,70337
687,45:46.0,57:13.0,90,Lechmere Station at Cambridge St / First St,42.370677,-71.076529,67,MIT at Mass Ave / Amherst St,42.3581,-71.093198,5101,Subscriber,1979,1,20631,-71.07633012,42.37017384,221,-71.09442546,42.35717456,70396,71084
462,33:28.0,41:10.0,80,MIT Stata Center at Vassar St / Main St,42.36213123,-71.09115601,90,Lechmere Station at Cambridge St / First St,42.370677,-71.076529,6148,Subscriber,1992,1,257043,-71.09419468,42.36259829,138431,-71.07928706,42.3715354,70423,70885
256,17:01.0,21:17.0,80,MIT Stata Center at Vassar St / Main St,42.36213123,-71.09115601,189,Kendall T,42.36242784,-71.08495474,2452,Subscriber,1995,1,152966,-71.09371104,42.36337264,202846,-71.08667725,42.36321684,70492,70748
467,29:03.0,36:50.0,80,MIT Stata Center at Vassar St / Main St,42.36213123,-71.09115601,144,Rogers St & Land Blvd,42.36575798,-71.07699394,5777,Subscriber,1992,1,259936,-71.09449747,42.361092,246696,-71.07926623,42.36430443,70511,70978
153,58:26.0,00:59.0,189,Kendall T,42.36242784,-71.08495474,80,MIT Stata Center at Vassar St / Main St,42.36213123,-71.09115601,2452,Subscriber,1987,2,4331,-71.08365971,42.36074076,69970,-71.0886759,42.36022586,70915,71069
1351,14:10.0,36:41.0,189,Kendall T,42.36242784,-71.08495474,437,Berkshire Street at Cambridge Street,42.37207658,-71.08995434,2007,Subscriber,1997,1,128198,-71.08374094,42.36496042,184273,-71.08897896,42.37275472,71644,72996
577,37:18.0,46:55.0,437,Berkshire Street at Cambridge Street,42.37207658,-71.08995434,67,MIT at Mass Ave / Amherst St,42.3581,-71.093198,6078,Subscriber,1992,2,65825,-71.08848519,42.37339082,225296,-71.0948748,42.3603669,71671,72249
360,38:05.0,44:05.0,141,Kendall Street,42.36356016,-71.08216792,80,MIT Stata Center at Vassar St / Main St,42.36213123,-71.09115601,4911,Subscriber,1987,1,4332,-71.08353677,42.36120873,26163,-71.09394509,42.36121602,71794,72154
408,15:03.0,21:51.0,189,Kendall T,42.36242784,-71.08495474,67,MIT at Mass Ave / Amherst St,42.3581,-71.093198,4928,Subscriber,1991,1,4333,-71.08214497,42.36115686,201802,-71.09254897,42.35994942,72078,72486
163,58:07.0,00:50.0,80,MIT Stata Center at Vassar St / Main St,42.36213123,-71.09115601,67,MIT at Mass Ave / Amherst St,42.3581,-71.093198,2452,Subscriber,1993,1,259924,-71.08839543,42.36347756,201802,-71.09254897,42.35994942,72185,72349
313,25:24.0,30:37.0,141,Kendall Street,42.36356016,-71.08216792,91,One Kendall Square at Hampshire St / Portland St,42.366277,-71.09169,5787,Subscriber,1993,1,203465,-71.08346182,42.36275442,190221,-71.09328097,42.36546133,72353,72666
419,21:50.0,28:49.0,67,MIT at Mass Ave / Amherst St,42.3581,-71.093198,141,Kendall Street,42.36356016,-71.08216792,4793,Subscriber,1994,1,201815,-71.0930601,42.36038339,260667,-71.0815805,42.36302972,72467,72887
234,21:04.0,24:58.0,91,One Kendall Square at Hampshire St / Portland St,42.366277,-71.09169,437,Berkshire Street at Cambridge Street,42.37207658,-71.08995434,5020,Subscriber,1986,1,53899,-71.09397401,42.36710865,20515,-71.08817322,42.37319317,72738,72972
341,15:14.0,20:55.0,189,Kendall T,42.36242784,-71.08495474,67,MIT at Mass Ave / Amherst St,42.3581,-71.093198,4884,Subscriber,1980,1,50515,-71.08726449,42.36220002,201812,-71.09086412,42.36000028,72852,73194
358,00:09.0,06:07.0,67,MIT at Mass Ave / Amherst St,42.3581,-71.093198,189,Kendall T,42.36242784,-71.08495474,4928,Subscriber,1997,1,257166,-71.0920709,42.35976105,101528,-71.08748081,42.36280808,72918,73276
328,37:15.0,42:43.0,67,MIT at Mass Ave / Amherst St,42.3581,-71.093198,189,Kendall T,42.36242784,-71.08495474,5796,Subscriber,1996,1,259989,-71.09485891,42.3562401,246356,-71.08160792,42.3623512,72948,73277
323,15:49.0,21:12.0,67,MIT at Mass Ave / Amherst St,42.3581,-71.093198,117,Binney St / Sixth St,42.36608797,-71.08633604,3225,Subscriber,1996,1,201814,-71.09067307,42.35941899,225149,-71.0870465,42.36552715,72973,73297
72,35:16.0,36:28.0,107,Ames St at Main St,42.3625,-71.08822,318,Ames St at Broadway,42.3636929,-71.0875672,3529,Subscriber,1997,1,69953,-71.08937202,42.36342991,48471,-71.0853515,42.36362475,73097,73170
72,56:12.0,57:24.0,107,Ames St at Main St,42.3625,-71.08822,318,Ames St at Broadway,42.3636929,-71.0875672,5752,Subscriber,1995,1,4347,-71.09057153,42.36162,48471,-71.0853515,42.36362475,73098,73170
268,30:02.0,34:30.0,189,Kendall T,42.36242784,-71.08495474,413,Kennedy-Longfellow School 158 Spring St,42.36955298,-71.08579015,5368,Subscriber,1994,1,203465,-71.08346182,42.36275442,20667,-71.08507579,42.36973609,73466,73735
494,33:36.0,41:50.0,67,MIT at Mass Ave / Amherst St,42.3581,-71.093198,437,Berkshire Street at Cambridge Street,42.37207658,-71.08995434,2166,Subscriber,1989,1,259990,-71.09386902,42.35656737,134831,-71.08726788,42.37175725,74018,74513
285,51:44.0,56:29.0,318,Ames St at Broadway,42.3636929,-71.0875672,413,Kennedy-Longfellow School 158 Spring St,42.36955298,-71.08579015,3529,Subscriber,1986,2,259918,-71.08874678,42.36303852,225239,-71.08551503,42.37007522,74055,74340
189,16:00.0,19:09.0,80,MIT Stata Center at Vassar St / Main St,42.36213123,-71.09115601,185,Third at Binney,42.36544486,-71.08277142,5254,Subscriber,1997,1,201816,-71.09322601,42.36070129,225590,-71.08286225,42.36702195,74203,74392
173,04:35.0,07:28.0,67,MIT at Mass Ave / Amherst St,42.3581,-71.093198,80,MIT Stata Center at Vassar St / Main St,42.36213123,-71.09115601,2525,Subscriber,1993,1,245937,-71.09397793,42.35837618,49573,-71.09277534,42.36202809,74442,74615
296,09:51.0,14:47.0,67,MIT at Mass Ave / Amherst St,42.3581,-71.093198,189,Kendall T,42.36242784,-71.08495474,6112,Subscriber,1995,1,257166,-71.0920709,42.35976105,203465,-71.08346182,42.36275442,74605,74901
136,53:13.0,55:29.0,80,MIT Stata Center at Vassar St / Main St,42.36213123,-71.09115601,189,Kendall T,42.36242784,-71.08495474,2525,Subscriber,1993,1,202850,-71.09352071,42.36111055,225269,-71.08435148,42.36380294,74766,74902
1001,50:02.0,06:43.0,80,MIT Stata Center at Vassar St / Main St,42.36213123,-71.09115601,413,Kennedy-Longfellow School 158 Spring St,42.36955298,-71.08579015,6015,Subscriber,1977,1,201812,-71.09086412,42.36000028,102988,-71.08250136,42.36869961,74970,75972
231,59:51.0,03:42.0,107,Ames St at Main St,42.3625,-71.08822,185,Third at Binney,42.36544486,-71.08277142,5046,Subscriber,1997,1,202846,-71.08667725,42.36321684,190553,-71.08453072,42.3677154,75537,75769
365,40:00.0,46:05.0,107,Ames St at Main St,42.3625,-71.08822,413,Kennedy-Longfellow School 158 Spring St,42.36955298,-71.08579015,2952,Subscriber,1988,1,203985,-71.08662682,42.36103454,180748,-71.08432665,42.37143295,75705,76071
427,47:17.0,54:24.0,189,Kendall T,42.36242784,-71.08495474,90,Lechmere Station at Cambridge St / First St,42.370677,-71.076529,2525,Subscriber,1996,1,4333,-71.08214497,42.36115686,101768,-71.07933956,42.3705727,75730,76157
276,37:31.0,42:07.0,91,One Kendall Square at Hampshire St / Portland St,42.366277,-71.09169,67,MIT at Mass Ave / Amherst St,42.3581,-71.093198,2158,Subscriber,1993,1,134198,-71.09255204,42.36886341,201824,-71.09375344,42.36018961,76036,76312
201,47:17.0,50:38.0,107,Ames St at Main St,42.3625,-71.08822,91,One Kendall Square at Hampshire St / Portland St,42.366277,-71.09169,2426,Subscriber,1979,2,259920,-71.08765373,42.36325299,184739,-71.09110933,42.36868529,76191,76392
239,59:11.0,03:10.0,189,Kendall T,42.36242784,-71.08495474,67,MIT at Mass Ave / Amherst St,42.3581,-71.093198,5645,Subscriber,1984,1,187323,-71.0852497,42.36268232,4324,-71.09505494,42.35814262,76418,76658
436,16:54.0,24:10.0,67,MIT at Mass Ave / Amherst St,42.3581,-71.093198,189,Kendall T,42.36242784,-71.08495474,5820,Subscriber,1993,1,225717,-71.09378565,42.3574682,48370,-71.0848419,42.3641353,76445,76882
404,00:40.0,07:24.0,67,MIT at Mass Ave / Amherst St,42.3581,-71.093198,141,Kendall Street,42.36356016,-71.08216792,4464,Subscriber,1994,1,201805,-71.09239917,42.35900791,203473,-71.07903302,42.36326216,76705,77110
252,43:37.0,47:49.0,67,MIT at Mass Ave / Amherst St,42.3581,-71.093198,141,Kendall Street,42.36356016,-71.08216792,5645,Subscriber,1993,1,257122,-71.09319168,42.35950655,153300,-71.08472255,42.36206325,76753,77006
566,55:48.0,05:14.0,107,Ames St at Main St,42.3625,-71.08822,90,Lechmere Station at Cambridge St / First St,42.370677,-71.076529,4532,Subscriber,1997,1,144549,-71.09159435,42.36336144,11198,-71.07945072,42.37180995,76845,77412
216,45:55.0,49:31.0,67,MIT at Mass Ave / Amherst St,42.3581,-71.093198,80,MIT Stata Center at Vassar St / Main St,42.36213123,-71.09115601,2867,Subscriber,1997,1,201807,-71.09291774,42.35871045,201819,-71.09193875,42.36114506,76945,77162
111,34:14.0,36:05.0,318,Ames St at Broadway,42.3636929,-71.0875672,91,One Kendall Square at Hampshire St / Portland St,42.366277,-71.09169,5752,Subscriber,1985,1,202849,-71.08585858,42.3621407,103023,-71.09337113,42.36806026,77504,77615
228,04:01.0,07:49.0,318,Ames St at Broadway,42.3636929,-71.0875672,67,MIT at Mass Ave / Amherst St,42.3581,-71.093198,2791,Subscriber,1993,1,69948,-71.08561003,42.36408341,201825,-71.0935271,42.36011991,77753,77981
225,40:07.0,43:52.0,91,One Kendall Square at Hampshire St / Portland St,42.366277,-71.09169,189,Kendall T,42.36242784,-71.08495474,5129,Subscriber,1982,1,69904,-71.09395863,42.36747829,202849,-71.08585858,42.3621407,78128,78354
844,57:14.0,11:18.0,67,MIT at Mass Ave / Amherst St,42.3581,-71.093198,228,One Memorial Drive,42.36161932,-71.08043551,2791,Subscriber,2000,1,202852,-71.09504333,42.35938232,4368,-71.08392274,42.36173735,78255,79099
118,24:31.0,26:29.0,80,MIT Stata Center at Vassar St / Main St,42.36213123,-71.09115601,189,Kendall T,42.36242784,-71.08495474,2572,Subscriber,1998,1,201825,-71.0935271,42.36011991,259923,-71.0866881,42.36212664,78794,78913
372,15:50.0,22:02.0,91,One Kendall Square at Hampshire St / Portland St,42.366277,-71.09169,437,Berkshire Street at Cambridge Street,42.37207658,-71.08995434,5752,Subscriber,1995,1,133967,-71.09275932,42.368592,137712,-71.09084974,42.37259792,78828,79200
234,01:24.0,05:18.0,189,Kendall T,42.36242784,-71.08495474,80,MIT Stata Center at Vassar St / Main St,42.36213123,-71.09115601,4352,Subscriber,1998,1,259920,-71.08765373,42.36325299,144549,-71.09159435,42.36336144,79210,79444
477,13:20.0,21:17.0,80,MIT Stata Center at Vassar St / Main St,42.36213123,-71.09115601,117,Binney St / Sixth St,42.36608797,-71.08633604,6063,Subscriber,1992,1,49573,-71.09277534,42.36202809,24631,-71.08615428,42.36727305,79414,79892
386,33:55.0,40:21.0,80,MIT Stata Center at Vassar St / Main St,42.36213123,-71.09115601,117,Binney St / Sixth St,42.36608797,-71.08633604,2475,Subscriber,1993,1,99848,-71.09311696,42.36336962,24631,-71.08615428,42.36727305,80575,80961
382,12:15.0,18:37.0,437,Berkshire Street at Cambridge Street,42.37207658,-71.08995434,117,Binney St / Sixth St,42.36608797,-71.08633604,2418,Subscriber,1996,1,65949,-71.09058793,42.36975109,128198,-71.08374094,42.36496042,81008,81391
240,53:23.0,57:23.0,318,Ames St at Broadway,42.3636929,-71.0875672,398,75 Binney St,42.36550729,-71.0801376,4360,Subscriber,1987,1,48370,-71.0848419,42.3641353,99986,-71.08172925,42.36790338,82217,82458
427,38:44.0,45:51.0,189,Kendall T,42.36242784,-71.08495474,90,Lechmere Station at Cambridge St / First St,42.370677,-71.076529,3199,Subscriber,1979,1,4329,-71.08571552,42.360176,20664,-71.076793,42.369553,83696,84124
179,12:05.0,15:04.0,398,75 Binney St,42.36550729,-71.0801376,189,Kendall T,42.36242784,-71.08495474,4360,Subscriber,1904,1,126975,-71.08100673,42.36804684,45037,-71.08747349,42.36437315,83883,84062
